SOR,ID,KATEGÓRIA,MODUL,VÁLTOZAT,HELY,MEZŐ,PLATFORM,JELENLEGI SZÖVEG,JAVÍTOTT SZÖVEG,MEGJEGYZÉS,FÁJL
1,01.SIGNAL-A.feature.cim,1 FELADAT,01 SIGNAL,A,feature,blokk címe,mind,JELLEMZŐKERESÉS,,,packages/client/src/modules/
2,01.SIGNAL-A.feature.instruction.vr,1 FELADAT,01 SIGNAL,A,feature,instrukció,VR,"Egy tömb jelenik meg előtted: csupa KÉK KOCKA, és köztük legfeljebb egy NARANCSSÁRGA. Ez a cél. Ha megtaláltad, mutass rá a kontroller sugarával, és húzd meg a ravaszt — a lehető leggyorsabban. A próbák felében nincs cél: ilyenkor a tömb alatti NINCS CÉL gombra mutass, és úgy húzd meg a ravaszt.",,,packages/client/src/modules/
3,01.SIGNAL-A.feature.instruction.desktop,1 FELADAT,01 SIGNAL,A,feature,instrukció,asztali,"Egy tömb jelenik meg előtted: csupa KÉK KOCKA, és köztük legfeljebb egy NARANCSSÁRGA. Ez a cél. Ha megtaláltad, kattints rá a lehető leggyorsabban. A próbák felében nincs cél: ilyenkor a tömb alatti NINCS CÉL gombra kattints.",,,packages/client/src/modules/
4,01.SIGNAL-A.feature.instruction.mobile,1 FELADAT,01 SIGNAL,A,feature,instrukció,mobil,"Egy tömb jelenik meg előtted: csupa KÉK KOCKA, és köztük legfeljebb egy NARANCSSÁRGA. Ez a cél. Ha megtaláltad, koppints rá a lehető leggyorsabban. A próbák felében nincs cél: ilyenkor a képernyő alján a NINCS CÉL gombot nyomd meg.",,,packages/client/src/modules/
5,01.SIGNAL-A.feature.hint.vr,1 FELADAT,01 SIGNAL,A,feature,IRÁNYÍTÁS sor,VR,Sugár a célra + RAVASZ · nincs cél → a NINCS CÉL gombra mutatva RAVASZ,,,packages/client/src/modules/
6,01.SIGNAL-A.feature.hint.desktop,1 FELADAT,01 SIGNAL,A,feature,IRÁNYÍTÁS sor,asztali,Kattints a célra · nincs cél → NINCS CÉL gomb,,,packages/client/src/modules/
7,01.SIGNAL-A.feature.hint.mobile,1 FELADAT,01 SIGNAL,A,feature,IRÁNYÍTÁS sor,mobil,Koppints a célra · nincs cél → NINCS CÉL gomb a képernyő alján,,,packages/client/src/modules/
8,01.SIGNAL-A.conjunction.cim,1 FELADAT,01 SIGNAL,A,conjunction,blokk címe,mind,KONJUNKCIÓS KERESÉS,,,packages/client/src/modules/
9,01.SIGNAL-A.conjunction.instruction.vr,1 FELADAT,01 SIGNAL,A,conjunction,instrukció,VR,"Most a cél a NARANCSSÁRGA KOCKA. A tömbben narancssárga gömbök és kék kockák is vannak: egyik jellemző önmagában nem elég, csak az a cél, amelyik egyszerre narancssárga ÉS kocka. Ha megtaláltad, mutass rá a sugárral, és húzd meg a ravaszt. A próbák felében nincs cél — akkor a NINCS CÉL gombot használd.",,,packages/client/src/modules/
10,01.SIGNAL-A.conjunction.instruction.desktop,1 FELADAT,01 SIGNAL,A,conjunction,instrukció,asztali,"Most a cél a NARANCSSÁRGA KOCKA. A tömbben narancssárga gömbök és kék kockák is vannak: egyik jellemző önmagában nem elég, csak az a cél, amelyik egyszerre narancssárga ÉS kocka. Ha megtaláltad, kattints rá. A próbák felében nincs cél — akkor a NINCS CÉL gombra kattints.",,,packages/client/src/modules/
11,01.SIGNAL-A.conjunction.instruction.mobile,1 FELADAT,01 SIGNAL,A,conjunction,instrukció,mobil,"Most a cél a NARANCSSÁRGA KOCKA. A tömbben narancssárga gömbök és kék kockák is vannak: egyik jellemző önmagában nem elég, csak az a cél, amelyik egyszerre narancssárga ÉS kocka. Ha megtaláltad, koppints rá. A próbák felében nincs cél — akkor a képernyő alján a NINCS CÉL gombot nyomd meg.",,,packages/client/src/modules/
12,01.SIGNAL-A.conjunction.hint.vr,1 FELADAT,01 SIGNAL,A,conjunction,IRÁNYÍTÁS sor,VR,Sugár a célra + RAVASZ · nincs cél → a NINCS CÉL gombra mutatva RAVASZ,,,packages/client/src/modules/
13,01.SIGNAL-A.conjunction.hint.desktop,1 FELADAT,01 SIGNAL,A,conjunction,IRÁNYÍTÁS sor,asztali,Kattints a célra · nincs cél → NINCS CÉL gomb,,,packages/client/src/modules/
14,01.SIGNAL-A.conjunction.hint.mobile,1 FELADAT,01 SIGNAL,A,conjunction,IRÁNYÍTÁS sor,mobil,Koppints a célra · nincs cél → NINCS CÉL gomb a képernyő alján,,,packages/client/src/modules/
15,01.SIGNAL-A.mot.cim,1 FELADAT,01 SIGNAL,A,mot,blokk címe,mind,KÖVETÉS,,,packages/client/src/modules/
16,01.SIGNAL-A.mot.instruction.vr,1 FELADAT,01 SIGNAL,A,mot,instrukció,VR,"Néhány gömb felvillan — ezeket jegyezd meg. Utána minden gömb egyformává válik, és mozogni kezd. Kövesd szemmel a megjegyzetteket. Amikor megállnak, mutass rájuk egyenként a sugárral és húzd meg a ravaszt, majd a KÉSZ gombra mutatva zárd le a próbát.",,,packages/client/src/modules/
17,01.SIGNAL-A.mot.instruction.desktop,1 FELADAT,01 SIGNAL,A,mot,instrukció,asztali,"Néhány gömb felvillan — ezeket jegyezd meg. Utána minden gömb egyformává válik, és mozogni kezd. Kövesd szemmel a megjegyzetteket. Amikor megállnak, kattints rájuk egyenként, majd a KÉSZ gombra.",,,packages/client/src/modules/
18,01.SIGNAL-A.mot.instruction.mobile,1 FELADAT,01 SIGNAL,A,mot,instrukció,mobil,"Néhány gömb felvillan — ezeket jegyezd meg. Utána minden gömb egyformává válik, és mozogni kezd. Kövesd szemmel a megjegyzetteket. Amikor megállnak, koppints rájuk egyenként, majd a képernyő alján a KÉSZ gombra.",,,packages/client/src/modules/
19,01.SIGNAL-A.mot.hint.vr,1 FELADAT,01 SIGNAL,A,mot,IRÁNYÍTÁS sor,VR,"Sugár + RAVASZ a felvillant gömbökre, majd KÉSZ.",,,packages/client/src/modules/
20,01.SIGNAL-A.mot.hint.desktop,1 FELADAT,01 SIGNAL,A,mot,IRÁNYÍTÁS sor,asztali,"Kattints a felvillant gömbökre, majd a KÉSZ gombra.",,,packages/client/src/modules/
21,01.SIGNAL-A.mot.hint.mobile,1 FELADAT,01 SIGNAL,A,mot,IRÁNYÍTÁS sor,mobil,"Koppints a felvillant gömbökre, majd a KÉSZ gombra.",,,packages/client/src/modules/
22,01.SIGNAL-A.change.cim,1 FELADAT,01 SIGNAL,A,change,blokk címe,mind,VÁLTOZÁS,,,packages/client/src/modules/
23,01.SIGNAL-A.change.instruction.vr,1 FELADAT,01 SIGNAL,A,change,instrukció,VR,"A kép villogni fog, és közben egyetlen objektum folyamatosan változik: a színe, a mérete vagy a helye. Találd meg, melyik az, mutass rá a sugárral, és húzd meg a ravaszt. Nem kell sietned — itt a pontosság számít.",,,packages/client/src/modules/
24,01.SIGNAL-A.change.instruction.desktop,1 FELADAT,01 SIGNAL,A,change,instrukció,asztali,"A kép villogni fog, és közben egyetlen objektum folyamatosan változik: a színe, a mérete vagy a helye. Találd meg, melyik az, és kattints rá. Nem kell sietned — itt a pontosság számít.",,,packages/client/src/modules/
25,01.SIGNAL-A.change.instruction.mobile,1 FELADAT,01 SIGNAL,A,change,instrukció,mobil,"A kép villogni fog, és közben egyetlen objektum folyamatosan változik: a színe, a mérete vagy a helye. Találd meg, melyik az, és koppints rá. Nem kell sietned — itt a pontosság számít.",,,packages/client/src/modules/
26,01.SIGNAL-A.change.hint.vr,1 FELADAT,01 SIGNAL,A,change,IRÁNYÍTÁS sor,VR,Sugár a változó objektumra + RAVASZ.,,,packages/client/src/modules/
27,01.SIGNAL-A.change.hint.desktop,1 FELADAT,01 SIGNAL,A,change,IRÁNYÍTÁS sor,asztali,Kattints a változó objektumra.,,,packages/client/src/modules/
28,01.SIGNAL-A.change.hint.mobile,1 FELADAT,01 SIGNAL,A,change,IRÁNYÍTÁS sor,mobil,Koppints a változó objektumra.,,,packages/client/src/modules/
29,01.SIGNAL-A.peripheral.cim,1 FELADAT,01 SIGNAL,A,peripheral,blokk címe,mind,PERIFÉRIA,,,packages/client/src/modules/
30,01.SIGNAL-A.peripheral.instruction.vr,1 FELADAT,01 SIGNAL,A,peripheral,instrukció,VR,"Két dolgod lesz egyszerre. Középen egy gyűrű sodródik lassan: tartsd rajta a kontroller sugarát végig. Közben a látómeződ szélén időnként felvillan valami — amint észreveszed, nyomd meg a MARKOLATGOMBOT (grip), bármelyik kézzel, a lehető leggyorsabban. Ne fordítsd oda a fejed: a szemed sarkából kell észrevenned. Néha nem villan semmi — akkor ne nyomj semmit.",,,packages/client/src/modules/
31,01.SIGNAL-A.peripheral.instruction.desktop,1 FELADAT,01 SIGNAL,A,peripheral,instrukció,asztali,"Két dolgod lesz egyszerre. Középen egy gyűrű sodródik lassan: kövesd az egérkurzorral végig. Közben a képernyő szélén időnként felvillan valami — amint észreveszed, nyomd meg a SZÓKÖZT a lehető leggyorsabban. Ne vidd oda a tekinteted: a szemed sarkából kell észrevenned. Néha nem villan semmi — akkor ne nyomj semmit.",,,packages/client/src/modules/
32,01.SIGNAL-A.peripheral.instruction.mobile,1 FELADAT,01 SIGNAL,A,peripheral,instrukció,mobil,"Két dolgod lesz egyszerre. Középen egy gyűrű sodródik lassan: tartsd rajta az egyik ujjad végig. Közben a képernyő szélén időnként felvillan valami — amint észreveszed, a másik kezeddel nyomd meg a képernyő alján a VILLANÁS gombot. Ne vidd oda a tekinteted: a szemed sarkából kell észrevenned. Néha nem villan semmi — akkor ne nyomj semmit.",,,packages/client/src/modules/
33,01.SIGNAL-A.peripheral.hint.vr,1 FELADAT,01 SIGNAL,A,peripheral,IRÁNYÍTÁS sor,VR,Sugár a középső gyűrűn · villanás → MARKOLATGOMB (grip),,,packages/client/src/modules/
34,01.SIGNAL-A.peripheral.hint.desktop,1 FELADAT,01 SIGNAL,A,peripheral,IRÁNYÍTÁS sor,asztali,Egérkurzor a gyűrűn · villanás → SZÓKÖZ,,,packages/client/src/modules/
35,01.SIGNAL-A.peripheral.hint.mobile,1 FELADAT,01 SIGNAL,A,peripheral,IRÁNYÍTÁS sor,mobil,Egyik ujj a gyűrűn · villanás → VILLANÁS gomb a másik kézzel,,,packages/client/src/modules/
36,01.SIGNAL-B.depth.cim,1 FELADAT,01 SIGNAL,B,depth,blokk címe,mind,MÉLYSÉGI KERESÉS,,,packages/client/src/modules/
37,01.SIGNAL-B.depth.instruction.vr,1 FELADAT,01 SIGNAL,B,depth,instrukció,VR,"A cél a NARANCSSÁRGA KOCKA, narancssárga gömbök és kék kockák között. Az objektumok most három különböző TÁVOLSÁGBAN lebegnek. Ha megtaláltad a célt, mutass rá a sugárral, és húzd meg a ravaszt; ha nincs cél, nyomd meg a MARKOLATGOMBOT (grip). A próbák felében a felső felirat megmondja, melyik rétegben van a cél — ilyenkor elég ott keresned.",,,packages/client/src/modules/
38,01.SIGNAL-B.depth.instruction.desktop,1 FELADAT,01 SIGNAL,B,depth,instrukció,asztali,"A cél a NARANCSSÁRGA KOCKA, narancssárga gömbök és kék kockák között. Az objektumok most három különböző TÁVOLSÁGBAN lebegnek. Ha megtaláltad a célt, kattints rá; ha nincs cél, kattints a NINCS CÉL gombra. A próbák felében a felső felirat megmondja, melyik rétegben van a cél — ilyenkor elég ott keresned.",,,packages/client/src/modules/
39,01.SIGNAL-B.depth.hint.vr,1 FELADAT,01 SIGNAL,B,depth,IRÁNYÍTÁS sor,VR,Sugár a célra + RAVASZ · nincs cél → MARKOLATGOMB (grip) · a felső felirat mondja a réteget,,,packages/client/src/modules/
40,01.SIGNAL-B.depth.hint.desktop,1 FELADAT,01 SIGNAL,B,depth,IRÁNYÍTÁS sor,asztali,Kattints a célra · nincs cél → NINCS CÉL gomb,,,packages/client/src/modules/
41,01.SIGNAL-B.surround.cim,1 FELADAT,01 SIGNAL,B,surround,blokk címe,mind,KÖRKÖRÖS KERESÉS,,,packages/client/src/modules/
42,01.SIGNAL-B.surround.instruction.vr,1 FELADAT,01 SIGNAL,B,surround,instrukció,VR,"Ugyanaz a cél, de az objektumok most KÖRÜLÖTTED vannak — teljes körben, akár a hátad mögött is. Fordulj meg nyugodtan, amerre kell: amit nem nézel, azt nem találod meg. Ha megvan a cél, sugár rá és ravasz; ha nincs, markolatgomb.",,,packages/client/src/modules/
43,01.SIGNAL-B.surround.instruction.desktop,1 FELADAT,01 SIGNAL,B,surround,instrukció,asztali,"Ugyanaz a cél, ugyanolyan három rétegben. Ha megtaláltad, kattints rá; ha nincs cél, kattints a NINCS CÉL gombra. Ez a rész a headsetben teljes körben zajlik — képernyőn a tömb előtted marad.",,,packages/client/src/modules/
44,01.SIGNAL-B.surround.hint.vr,1 FELADAT,01 SIGNAL,B,surround,IRÁNYÍTÁS sor,VR,"Fordulj meg, amerre kell · sugár a célra + RAVASZ · nincs cél → MARKOLATGOMB",,,packages/client/src/modules/
45,01.SIGNAL-B.surround.hint.desktop,1 FELADAT,01 SIGNAL,B,surround,IRÁNYÍTÁS sor,asztali,Kattints a célra · nincs cél → NINCS CÉL gomb,,,packages/client/src/modules/
46,01.SIGNAL-B.occlusion.cim,1 FELADAT,01 SIGNAL,B,occlusion,blokk címe,mind,KÖVETÉS TAKARÁSSAL,,,packages/client/src/modules/
47,01.SIGNAL-B.occlusion.instruction.vr,1 FELADAT,01 SIGNAL,B,occlusion,instrukció,VR,"Néhány gömb felvillan — ezeket jegyezd meg és kövesd szemmel. Mozgás közben a gömbök MÉLYSÉGBEN is mozognak, ezért néha eltűnnek egymás mögött; attól még kövesd őket. Amikor megállnak, mutass rájuk a sugárral és húzd meg a ravaszt, majd KÉSZ.",,,packages/client/src/modules/
48,01.SIGNAL-B.occlusion.instruction.desktop,1 FELADAT,01 SIGNAL,B,occlusion,instrukció,asztali,"Néhány gömb felvillan — ezeket jegyezd meg és kövesd szemmel. Mozgás közben a gömbök MÉLYSÉGBEN is mozognak, ezért néha eltűnnek egymás mögött; attól még kövesd őket. Amikor megállnak, kattints rájuk egyenként, majd a KÉSZ gombra.",,,packages/client/src/modules/
49,01.SIGNAL-B.occlusion.hint.vr,1 FELADAT,01 SIGNAL,B,occlusion,IRÁNYÍTÁS sor,VR,"Sugár + RAVASZ a felvillant gömbökre, majd KÉSZ.",,,packages/client/src/modules/
50,01.SIGNAL-B.occlusion.hint.desktop,1 FELADAT,01 SIGNAL,B,occlusion,IRÁNYÍTÁS sor,asztali,"Kattints a felvillant gömbökre, majd KÉSZ.",,,packages/client/src/modules/
51,01.SIGNAL-B.depthchange.cim,1 FELADAT,01 SIGNAL,B,depthchange,blokk címe,mind,MÉLYSÉGI VÁLTOZÁS,,,packages/client/src/modules/
52,01.SIGNAL-B.depthchange.instruction.vr,1 FELADAT,01 SIGNAL,B,depthchange,instrukció,VR,"A kép villogni fog, és közben egyetlen objektum folyamatosan változik. Most a változás az is lehet, hogy KÖZELEBB vagy TÁVOLABB kerül — nem csak a színe vagy a mérete. Találd meg, mutass rá a sugárral, és húzd meg a ravaszt.",,,packages/client/src/modules/
53,01.SIGNAL-B.depthchange.instruction.desktop,1 FELADAT,01 SIGNAL,B,depthchange,instrukció,asztali,"A kép villogni fog, és közben egyetlen objektum folyamatosan változik. Most a változás az is lehet, hogy KÖZELEBB vagy TÁVOLABB kerül — nem csak a színe vagy a mérete. Találd meg, és kattints rá.",,,packages/client/src/modules/
54,01.SIGNAL-B.depthchange.hint.vr,1 FELADAT,01 SIGNAL,B,depthchange,IRÁNYÍTÁS sor,VR,Sugár a változó objektumra + RAVASZ.,,,packages/client/src/modules/
55,01.SIGNAL-B.depthchange.hint.desktop,1 FELADAT,01 SIGNAL,B,depthchange,IRÁNYÍTÁS sor,asztali,Kattints a változó objektumra.,,,packages/client/src/modules/
56,03.NAV.tour.cim,1 FELADAT,03 NAV,-,tour,blokk címe,mind,BEJÁRÁS,,,packages/client/src/modules/
57,03.NAV.tour.instruction.vr,1 FELADAT,03 NAV,-,tour,instrukció,VR,"A rendszer végigvisz egy útvonalon, több megállóval. Nem kell irányítanod semmit és gombot sem kell nyomnod: a dolgod az, hogy MINDEN MEGÁLLÓNÁL NÉZZ KÖRBE, és jegyezd meg, melyik tereptárgy merre van — a nevüket ki is írom. Ezt az útvonalat kell majd egyedül végigjárnod, utána pedig irányokat becsülnöd, ezért most a körülnézés a feladat.",,,packages/client/src/modules/
58,03.NAV.tour.instruction.desktop,1 FELADAT,03 NAV,-,tour,instrukció,asztali,"A rendszer végigvisz egy útvonalon, több megállóval. A haladás automatikus; a dolgod az, hogy MINDEN MEGÁLLÓNÁL NÉZZ KÖRBE — az egér húzásával fordulhatsz —, és jegyezd meg, melyik tereptárgy merre van. A nevüket ki is írom. Ezt az útvonalat kell majd egyedül végigjárnod, utána pedig irányokat becsülnöd, ezért most a körülnézés a feladat.",,,packages/client/src/modules/
59,03.NAV.tour.instruction.mobile,1 FELADAT,03 NAV,-,tour,instrukció,mobil,"A rendszer végigvisz egy útvonalon, több megállóval. A haladás automatikus; a dolgod az, hogy MINDEN MEGÁLLÓNÁL NÉZZ KÖRBE — az ujjad húzásával fordulhatsz —, és jegyezd meg, melyik tereptárgy merre van. A nevüket ki is írom. Ezt az útvonalat kell majd egyedül végigjárnod, utána pedig irányokat becsülnöd, ezért most a körülnézés a feladat.",,,packages/client/src/modules/
60,03.NAV.tour.hint.vr,1 FELADAT,03 NAV,-,tour,IRÁNYÍTÁS sor,VR,Nézz körül szabadon. A haladás automatikus.,,,packages/client/src/modules/
61,03.NAV.tour.hint.desktop,1 FELADAT,03 NAV,-,tour,IRÁNYÍTÁS sor,asztali,Húzd az egeret a körülnézéshez. A haladás automatikus.,,,packages/client/src/modules/
62,03.NAV.tour.hint.mobile,1 FELADAT,03 NAV,-,tour,IRÁNYÍTÁS sor,mobil,Húzd az ujjad a képernyőn a körülnézéshez. A haladás automatikus.,,,packages/client/src/modules/
63,03.NAV.retrace.cim,1 FELADAT,03 NAV,-,retrace,blokk címe,mind,ÚJRAJÁRÁS,,,packages/client/src/modules/
64,03.NAV.retrace.instruction.vr,1 FELADAT,03 NAV,-,retrace,instrukció,VR,"Most neked kell végigmenned ugyanazon az útvonalon. Minden megállónál nyilak mutatják, merre lehet továbbmenni: mutass a sugárral arra, amerre az útvonal vezetett, és húzd meg a ravaszt. Másodszor visszafelé is meg kell tenned.",,,packages/client/src/modules/
65,03.NAV.retrace.instruction.desktop,1 FELADAT,03 NAV,-,retrace,instrukció,asztali,"Most neked kell végigmenned ugyanazon az útvonalon. Minden megállónál nyilak mutatják, merre lehet továbbmenni: nézz körül az egér húzásával, és kattints arra a nyílra, amerre az útvonal vezetett. Másodszor visszafelé is meg kell tenned.",,,packages/client/src/modules/
66,03.NAV.retrace.instruction.mobile,1 FELADAT,03 NAV,-,retrace,instrukció,mobil,"Most neked kell végigmenned ugyanazon az útvonalon. Minden megállónál nyilak mutatják, merre lehet továbbmenni: nézz körül az ujjad húzásával, és koppints arra a nyílra, amerre az útvonal vezetett. Másodszor visszafelé is meg kell tenned.",,,packages/client/src/modules/
67,03.NAV.retrace.hint.vr,1 FELADAT,03 NAV,-,retrace,IRÁNYÍTÁS sor,VR,"Sugár a nyílra + RAVASZ, amerre az útvonal vezetett.",,,packages/client/src/modules/
68,03.NAV.retrace.hint.desktop,1 FELADAT,03 NAV,-,retrace,IRÁNYÍTÁS sor,asztali,"Húzással nézz körül, majd kattints a nyílra, amerre az útvonal vezetett.",,,packages/client/src/modules/
69,03.NAV.retrace.hint.mobile,1 FELADAT,03 NAV,-,retrace,IRÁNYÍTÁS sor,mobil,"Húzással nézz körül, majd koppints a nyílra, amerre az útvonal vezetett.",,,packages/client/src/modules/
70,03.NAV.jrd.cim,1 FELADAT,03 NAV,-,jrd,blokk címe,mind,IRÁNYBECSLÉS,,,packages/client/src/modules/
71,03.NAV.jrd.instruction.vr,1 FELADAT,03 NAV,-,jrd,instrukció,VR,"Sűrű köd ereszkedik le, nem látsz semmit. Egy felirat megmondja, hol állsz és melyik tereptárgy felé nézel, neked pedig meg kell mutatnod, merre van egy HARMADIK tereptárgy: fordulj arra, irányítsd oda a kontroller sugarát, és húzd meg a ravaszt. Csak a fejedben lévő térképre támaszkodhatsz.",,,packages/client/src/modules/
72,03.NAV.jrd.instruction.desktop,1 FELADAT,03 NAV,-,jrd,instrukció,asztali,"Sűrű köd ereszkedik le, nem látsz semmit. Egy felirat megmondja, hol állsz és melyik tereptárgy felé nézel, neked pedig meg kell mutatnod, merre van egy HARMADIK tereptárgy: fordulj arra az egér húzásával, és kattints abba az irányba. Csak a fejedben lévő térképre támaszkodhatsz.",,,packages/client/src/modules/
73,03.NAV.jrd.instruction.mobile,1 FELADAT,03 NAV,-,jrd,instrukció,mobil,"Sűrű köd ereszkedik le, nem látsz semmit. Egy felirat megmondja, hol állsz és melyik tereptárgy felé nézel, neked pedig meg kell mutatnod, merre van egy HARMADIK tereptárgy: fordulj arra az ujjad húzásával, úgy, hogy a célkereszt oda mutasson, majd nyomd meg az ERRE VAN gombot. Csak a fejedben lévő térképre támaszkodhatsz.",,,packages/client/src/modules/
74,03.NAV.jrd.hint.vr,1 FELADAT,03 NAV,-,jrd,IRÁNYÍTÁS sor,VR,"Fordulj a becsült irányba, sugár arra + RAVASZ.",,,packages/client/src/modules/
75,03.NAV.jrd.hint.desktop,1 FELADAT,03 NAV,-,jrd,IRÁNYÍTÁS sor,asztali,"Húzással fordulj a becsült irányba, majd kattints abba az irányba.",,,packages/client/src/modules/
76,03.NAV.jrd.hint.mobile,1 FELADAT,03 NAV,-,jrd,IRÁNYÍTÁS sor,mobil,"Húzással fordulj a becsült irányba (célkereszt), majd ERRE VAN gomb.",,,packages/client/src/modules/
77,03.NAV.triangle.cim,1 FELADAT,03 NAV,-,triangle,blokk címe,mind,ÚTVONAL-INTEGRÁCIÓ,,,packages/client/src/modules/
78,03.NAV.triangle.instruction.vr,1 FELADAT,03 NAV,-,triangle,instrukció,VR,"Üres, jellegtelen terep, tereptárgyak nélkül. A rendszer végigvisz két szakaszon, egy kanyarral. A végén mutasd meg, merre van a KIINDULÓPONT — fordulj arra, sugár és ravasz —, majd a csúszkán állítsd be, milyen messze lehet, és erősítsd meg.",,,packages/client/src/modules/
79,03.NAV.triangle.instruction.desktop,1 FELADAT,03 NAV,-,triangle,instrukció,asztali,"Üres, jellegtelen terep, tereptárgyak nélkül. A rendszer végigvisz két szakaszon, egy kanyarral. A végén mutasd meg, merre van a KIINDULÓPONT — fordulj arra az egér húzásával, és kattints abba az irányba —, majd a csúszkán állítsd be, milyen messze lehet, és kattints a MEHET gombra.",,,packages/client/src/modules/
80,03.NAV.triangle.instruction.mobile,1 FELADAT,03 NAV,-,triangle,instrukció,mobil,"Üres, jellegtelen terep, tereptárgyak nélkül. A rendszer végigvisz két szakaszon, egy kanyarral. A végén mutasd meg, merre van a KIINDULÓPONT — fordulj arra az ujjad húzásával, és nyomd meg az ERRE VAN gombot —, majd a csúszkán állítsd be, milyen messze lehet, és erősítsd meg.",,,packages/client/src/modules/
81,03.NAV.triangle.hint.vr,1 FELADAT,03 NAV,-,triangle,IRÁNYÍTÁS sor,VR,"Fordulj a kiindulópont felé, sugár + RAVASZ · majd csúszka és MEHET.",,,packages/client/src/modules/
82,03.NAV.triangle.hint.desktop,1 FELADAT,03 NAV,-,triangle,IRÁNYÍTÁS sor,asztali,"Fordulj a kiindulópont felé, kattints arra · majd csúszka és MEHET.",,,packages/client/src/modules/
83,03.NAV.triangle.hint.mobile,1 FELADAT,03 NAV,-,triangle,IRÁNYÍTÁS sor,mobil,"Fordulj a kiindulópont felé, ERRE VAN gomb · majd csúszka és erősítsd meg.",,,packages/client/src/modules/
84,03.NAV.map.cim,1 FELADAT,03 NAV,-,map,blokk címe,mind,TÉRKÉP,,,packages/client/src/modules/
85,03.NAV.map.instruction.vr,1 FELADAT,03 NAV,-,map,instrukció,VR,"Kapsz egy felülnézeti térképet, amelyen a megállók látszanak. A kérdés: hol vagy rajta, és merre nézel? Mutass a sugárral a térkép helyes pontjára, és húzd meg a ravaszt. A térkép mindig északra van tájolva — te nem feltétlenül.",,,packages/client/src/modules/
86,03.NAV.map.instruction.desktop,1 FELADAT,03 NAV,-,map,instrukció,asztali,"Kapsz egy felülnézeti térképet, amelyen a megállók látszanak. A kérdés: hol vagy rajta, és merre nézel? Kattints a térkép helyes pontjára. A térkép mindig északra van tájolva — te nem feltétlenül.",,,packages/client/src/modules/
87,03.NAV.map.instruction.mobile,1 FELADAT,03 NAV,-,map,instrukció,mobil,"Kapsz egy felülnézeti térképet, amelyen a megállók látszanak. A kérdés: hol vagy rajta, és merre nézel? Koppints a térkép helyes pontjára. A térkép mindig északra van tájolva — te nem feltétlenül.",,,packages/client/src/modules/
88,03.NAV.map.hint.vr,1 FELADAT,03 NAV,-,map,IRÁNYÍTÁS sor,VR,Sugár a térkép helyes pontjára + RAVASZ.,,,packages/client/src/modules/
89,03.NAV.map.hint.desktop,1 FELADAT,03 NAV,-,map,IRÁNYÍTÁS sor,asztali,Kattints a térkép helyes pontjára.,,,packages/client/src/modules/
90,03.NAV.map.hint.mobile,1 FELADAT,03 NAV,-,map,IRÁNYÍTÁS sor,mobil,Koppints a térkép helyes pontjára.,,,packages/client/src/modules/
91,04.REACT-A.simple.cim,1 FELADAT,04 REACT,A,simple,blokk címe,mind,EGYSZERŰ REAKCIÓ,,,packages/client/src/modules/
92,04.REACT-A.simple.instruction.vr,1 FELADAT,04 REACT,A,simple,instrukció,VR,"Előtted egyetlen gömb lebeg. Amint felvillan, húzd meg a ravaszt — bármelyik kézzel — a lehető leggyorsabban. Ne találgass: ha a villanás előtt húzod meg, az hibának számít. A várakozás szándékosan kiszámíthatatlan, hol rövid, hol hosszú.",,,packages/client/src/modules/
93,04.REACT-A.simple.instruction.desktop,1 FELADAT,04 REACT,A,simple,instrukció,asztali,"Előtted egyetlen gömb lebeg. Amint felvillan, nyomd meg a SZÓKÖZT (vagy kattints) a lehető leggyorsabban. Ne találgass: ha a villanás előtt nyomsz, az hibának számít. A várakozás szándékosan kiszámíthatatlan, hol rövid, hol hosszú.",,,packages/client/src/modules/
94,04.REACT-A.simple.instruction.mobile,1 FELADAT,04 REACT,A,simple,instrukció,mobil,"Előtted egyetlen gömb lebeg. Amint felvillan, koppints bárhol a képernyőn a lehető leggyorsabban. Ne találgass: ha a villanás előtt koppintasz, az hibának számít. A várakozás szándékosan kiszámíthatatlan, hol rövid, hol hosszú.",,,packages/client/src/modules/
95,04.REACT-A.simple.hint.vr,1 FELADAT,04 REACT,A,simple,IRÁNYÍTÁS sor,VR,"Bármelyik RAVASZ, amint a gömb felvillan.",,,packages/client/src/modules/
96,04.REACT-A.simple.hint.desktop,1 FELADAT,04 REACT,A,simple,IRÁNYÍTÁS sor,asztali,"SZÓKÖZ vagy kattintás, amint a gömb felvillan.",,,packages/client/src/modules/
97,04.REACT-A.simple.hint.mobile,1 FELADAT,04 REACT,A,simple,IRÁNYÍTÁS sor,mobil,"Koppints bárhol a képernyőn, amint a gömb felvillan.",,,packages/client/src/modules/
98,04.REACT-A.choice.cim,1 FELADAT,04 REACT,A,choice,blokk címe,mind,VÁLASZTÁSOS REAKCIÓ,,,packages/client/src/modules/
99,04.REACT-A.choice.instruction.vr,1 FELADAT,04 REACT,A,choice,instrukció,VR,"A gömb PIROS vagy KÉK színben villan fel. Ha PIROS, húzd meg a BAL ravaszt; ha KÉK, a JOBB ravaszt. A jó válasz fontosabb, mint a gyors — de mindkettőt mérjük.",,,packages/client/src/modules/
100,04.REACT-A.choice.instruction.desktop,1 FELADAT,04 REACT,A,choice,instrukció,asztali,"A gömb PIROS vagy KÉK színben villan fel. Ha PIROS, nyomd meg az F billentyűt (vagy a balra nyilat); ha KÉK, a J billentyűt (vagy a jobbra nyilat). Tartsd a két mutatóujjad az F-en és a J-n. A jó válasz fontosabb, mint a gyors — de mindkettőt mérjük.",,,packages/client/src/modules/
101,04.REACT-A.choice.instruction.mobile,1 FELADAT,04 REACT,A,choice,instrukció,mobil,"A gömb PIROS vagy KÉK színben villan fel. Ha PIROS, nyomd meg a képernyő alján a BAL gombot; ha KÉK, a JOBB gombot. A jó válasz fontosabb, mint a gyors — de mindkettőt mérjük.",,,packages/client/src/modules/
102,04.REACT-A.choice.hint.vr,1 FELADAT,04 REACT,A,choice,IRÁNYÍTÁS sor,VR,PIROS → BAL ravasz · KÉK → JOBB ravasz,,,packages/client/src/modules/
103,04.REACT-A.choice.hint.desktop,1 FELADAT,04 REACT,A,choice,IRÁNYÍTÁS sor,asztali,PIROS → F (vagy ←) · KÉK → J (vagy →),,,packages/client/src/modules/
104,04.REACT-A.choice.hint.mobile,1 FELADAT,04 REACT,A,choice,IRÁNYÍTÁS sor,mobil,PIROS → BAL gomb · KÉK → JOBB gomb,,,packages/client/src/modules/
105,04.REACT-A.point.cim,1 FELADAT,04 REACT,A,point,blokk címe,mind,CÉLRA MUTATÁS,,,packages/client/src/modules/
106,04.REACT-A.point.instruction.vr,1 FELADAT,04 REACT,A,point,instrukció,VR,"Egy célgyűrű jelenik meg, minden alkalommal máshol. Irányítsd rá a kontroller sugarát, és a gyűrű közepén húzd meg a ravaszt. Külön mérjük, milyen gyorsan indul a mozdulatod, meddig tart, és milyen pontosan ér célba.",,,packages/client/src/modules/
107,04.REACT-A.point.instruction.desktop,1 FELADAT,04 REACT,A,point,instrukció,asztali,"Egy célgyűrű jelenik meg, minden alkalommal máshol. Vidd rá az egérkurzort, és a gyűrű közepén kattints. Külön mérjük, milyen gyorsan indul a mozdulatod, meddig tart, és milyen pontosan ér célba.",,,packages/client/src/modules/
108,04.REACT-A.point.instruction.mobile,1 FELADAT,04 REACT,A,point,instrukció,mobil,"Egy célgyűrű jelenik meg, minden alkalommal máshol. Koppints a gyűrű közepére — egy koppintás, egy próba. Azt mérjük, milyen gyorsan és milyen pontosan találod el.",,,packages/client/src/modules/
109,04.REACT-A.point.hint.vr,1 FELADAT,04 REACT,A,point,IRÁNYÍTÁS sor,VR,"Sugár a gyűrű közepére, majd RAVASZ.",,,packages/client/src/modules/
110,04.REACT-A.point.hint.desktop,1 FELADAT,04 REACT,A,point,IRÁNYÍTÁS sor,asztali,"Egérkurzor a gyűrű közepére, majd kattintás.",,,packages/client/src/modules/
111,04.REACT-A.point.hint.mobile,1 FELADAT,04 REACT,A,point,IRÁNYÍTÁS sor,mobil,Koppints a gyűrű közepére.,,,packages/client/src/modules/
112,04.REACT-A.track.cim,1 FELADAT,04 REACT,A,track,blokk címe,mind,FOLYAMATOS KÖVETÉS,,,packages/client/src/modules/
113,04.REACT-A.track.instruction.vr,1 FELADAT,04 REACT,A,track,instrukció,VR,"A gömb folyamatosan mozog. Tartsd rajta a kontroller sugarát, amíg csak tudod — gombot nem kell nyomnod. Azt mérjük, az idő mekkora részében vagy a célon, és mennyire térsz el tőle.",,,packages/client/src/modules/
114,04.REACT-A.track.instruction.desktop,1 FELADAT,04 REACT,A,track,instrukció,asztali,"A gömb folyamatosan mozog. Kövesd az egérkurzorral, amíg csak tudod — kattintani nem kell. Azt mérjük, az idő mekkora részében vagy a célon, és mennyire térsz el tőle.",,,packages/client/src/modules/
115,04.REACT-A.track.instruction.mobile,1 FELADAT,04 REACT,A,track,instrukció,mobil,"A gömb folyamatosan mozog. Tedd rá az ujjad, és kövesd vele, amíg csak tudod. Ha felemeled az ujjad, a mérés addig szünetel. Azt mérjük, az idő mekkora részében vagy a célon, és mennyire térsz el tőle.",,,packages/client/src/modules/
116,04.REACT-A.track.hint.vr,1 FELADAT,04 REACT,A,track,IRÁNYÍTÁS sor,VR,Tartsd a sugarat a gömbön. Gombot nem kell nyomni.,,,packages/client/src/modules/
117,04.REACT-A.track.hint.desktop,1 FELADAT,04 REACT,A,track,IRÁNYÍTÁS sor,asztali,Kövesd az egérrel. Kattintani nem kell.,,,packages/client/src/modules/
118,04.REACT-A.track.hint.mobile,1 FELADAT,04 REACT,A,track,IRÁNYÍTÁS sor,mobil,"Tartsd rajta az ujjad. Ha felemeled, a mérés szünetel.",,,packages/client/src/modules/
119,04.REACT-A.twohand.cim,1 FELADAT,04 REACT,A,twohand,blokk címe,mind,KÉT KÉZ,,,packages/client/src/modules/
120,04.REACT-A.twohand.instruction.vr,1 FELADAT,04 REACT,A,twohand,instrukció,VR,"Két gömb: egy bal és egy jobb. Amelyik felvillan, azon az oldalon húzd meg a ravaszt — a bal gömbre a bal kézzel, a jobbra a jobbal. Néha mindkettő egyszerre villan: akkor mindkét ravaszt húzd meg egyszerre.",,,packages/client/src/modules/
121,04.REACT-A.twohand.instruction.desktop,1 FELADAT,04 REACT,A,twohand,instrukció,asztali,"Két gömb: egy bal és egy jobb. Amelyik felvillan, annak az oldalán nyomj: a bal gömbre az F billentyűt, a jobbra a J-t. Néha mindkettő egyszerre villan: akkor mindkettőt nyomd meg egyszerre.",,,packages/client/src/modules/
122,04.REACT-A.twohand.instruction.mobile,1 FELADAT,04 REACT,A,twohand,instrukció,mobil,"Két gömb: egy bal és egy jobb. Amelyik felvillan, annak az oldalán nyomd meg a képernyő alján a gombot: a bal gömbre a BAL, a jobbra a JOBB gombot. Néha mindkettő egyszerre villan: akkor mindkettőt nyomd meg egyszerre.",,,packages/client/src/modules/
123,04.REACT-A.twohand.hint.vr,1 FELADAT,04 REACT,A,twohand,IRÁNYÍTÁS sor,VR,Bal gömb → BAL ravasz · jobb gömb → JOBB ravasz · mindkettő → mindkettő,,,packages/client/src/modules/
124,04.REACT-A.twohand.hint.desktop,1 FELADAT,04 REACT,A,twohand,IRÁNYÍTÁS sor,asztali,Bal gömb → F · jobb gömb → J · mindkettő → F és J együtt,,,packages/client/src/modules/
125,04.REACT-A.twohand.hint.mobile,1 FELADAT,04 REACT,A,twohand,IRÁNYÍTÁS sor,mobil,Bal gömb → BAL gomb · jobb gömb → JOBB gomb · mindkettő → mindkettő,,,packages/client/src/modules/
126,04.REACT-B.reach.cim,1 FELADAT,04 REACT,B,reach,blokk címe,mind,NYÚLÁS,,,packages/client/src/modules/
127,04.REACT-B.reach.instruction,1 FELADAT,04 REACT,B,reach,instrukció,mind,"Karnyújtásnyira egy célgömb jelenik meg — hol közel, hol távolabb, hol oldalt. Nyúlj oda a kontrollerrel, és érintsd meg vele a gömböt; utána térj vissza a kiinduló gyűrűhöz. Itt nem a sugárral kell mutatni: tényleg oda kell nyúlni. Gyorsan, de pontosan.",,,packages/client/src/modules/
128,04.REACT-B.reach.hint,1 FELADAT,04 REACT,B,reach,IRÁNYÍTÁS sor,mind,"Érintsd meg a gömböt a kontrollerrel, majd térj vissza a gyűrűhöz.",,,packages/client/src/modules/
129,04.REACT-B.intercept.cim,1 FELADAT,04 REACT,B,intercept,blokk címe,mind,ELFOGÁS,,,packages/client/src/modules/
130,04.REACT-B.intercept.instruction,1 FELADAT,04 REACT,B,intercept,instrukció,mind,"Gömbök repülnek feléd. Üsd el őket a kontrollerrel, mielőtt elérnék a fejedet. Nem elég a jó helyen lenned — a jó pillanatban is ott kell lenned.",,,packages/client/src/modules/
131,04.REACT-B.intercept.hint,1 FELADAT,04 REACT,B,intercept,IRÁNYÍTÁS sor,mind,"Üsd el a közeledő gömböt a kontrollerrel, mielőtt elérné a fejedet.",,,packages/client/src/modules/
132,04.REACT-B.track3d.cim,1 FELADAT,04 REACT,B,track3d,blokk címe,mind,TÉRBELI KÖVETÉS,,,packages/client/src/modules/
133,04.REACT-B.track3d.instruction,1 FELADAT,04 REACT,B,track3d,instrukció,mind,"A gömb most nemcsak jobbra-balra mozog, hanem KÖZELEDIK és TÁVOLODIK is. Tartsd rajta a kontroller hegyét, ameddig csak tudod — gombot nem kell nyomnod.",,,packages/client/src/modules/
134,04.REACT-B.track3d.hint,1 FELADAT,04 REACT,B,track3d,IRÁNYÍTÁS sor,mind,Tartsd a kontroller hegyét a mozgó gömbön. Gombot nem kell nyomni.,,,packages/client/src/modules/
135,04.REACT-B.bimanual.cim,1 FELADAT,04 REACT,B,bimanual,blokk címe,mind,"KÉT KÉZ, KÉT TÁVOLSÁG",,,packages/client/src/modules/
136,04.REACT-B.bimanual.instruction,1 FELADAT,04 REACT,B,bimanual,instrukció,mind,"Két cél jelenik meg egyszerre: az egyik közel, a másik távolabb. A bal kezeddel a bal célt, a jobbal a jobbat érintsd meg — egyszerre. A nehézség az, hogy a két kéznek különböző távolságra kell nyúlnia.",,,packages/client/src/modules/
137,04.REACT-B.bimanual.hint,1 FELADAT,04 REACT,B,bimanual,IRÁNYÍTÁS sor,mind,Bal kéz → bal cél · jobb kéz → jobb cél · egyszerre.,,,packages/client/src/modules/
138,05.MULTI.baseline.cim,1 FELADAT,05 MULTI,-,baseline,blokk címe,mind,EGYESÉVEL,,,packages/client/src/modules/
139,05.MULTI.baseline.instruction.vr,1 FELADAT,05 MULTI,-,baseline,instrukció,VR,"Négy állomás vesz körül. KÖVETÉS: egy korong sodródik — a BAL kar mozgatásával tartsd a gyűrű közepén. RENDSZER: két jelzőfény és négy skála — amelyik eltér a normálistól, arra mutass a jobb kontrollerrel, és húzd meg a ravaszt. TARTÁLYOK: két tartály szintjét tartsd a zöld sávban a szivattyúk ki-bekapcsolásával (mutass rá, ravasz). RÁDIÓ: hívások érkeznek — csak a SAJÁT hívójeledre válaszolj, a mondott csatorna kiválasztásával. Most mindegyiket külön kapod, egyenként 50 másodpercre: ez lesz az összehasonlítási alap.",,,packages/client/src/modules/
140,05.MULTI.baseline.instruction.desktop,1 FELADAT,05 MULTI,-,baseline,instrukció,asztali,"Négy állomás lesz előtted. KÖVETÉS: egy korong sodródik — a WASD vagy a nyíl billentyűkkel tartsd a gyűrű közepén. RENDSZER: két jelzőfény és négy skála — amelyik eltér a normálistól, arra kattints. TARTÁLYOK: két tartály szintjét tartsd a zöld sávban a szivattyúk ki-bekapcsolásával (kattints a szivattyúra). RÁDIÓ: hívások érkeznek — csak a SAJÁT hívójeledre válaszolj, a mondott csatornára kattintva. Most mindegyiket külön kapod, egyenként 50 másodpercre: ez lesz az összehasonlítási alap.",,,packages/client/src/modules/
141,05.MULTI.baseline.instruction.mobile,1 FELADAT,05 MULTI,-,baseline,instrukció,mobil,"Négy állomás lesz előtted. KÖVETÉS: egy korong sodródik — a bal alsó sarokban lévő karral, a bal hüvelykujjaddal tartsd a gyűrű közepén. RENDSZER: két jelzőfény és négy skála — amelyik eltér a normálistól, arra koppints. TARTÁLYOK: két tartály szintjét tartsd a zöld sávban a szivattyúk ki-bekapcsolásával (koppints a szivattyúra). RÁDIÓ: hívások érkeznek — csak a SAJÁT hívójeledre válaszolj, a mondott csatornára koppintva. Most mindegyiket külön kapod, egyenként 50 másodpercre: ez lesz az összehasonlítási alap.",,,packages/client/src/modules/
142,05.MULTI.baseline.hint.vr,1 FELADAT,05 MULTI,-,baseline,IRÁNYÍTÁS sor,VR,BAL kar: követés · JOBB kontroller sugara + RAVASZ: válasz az állomásokon,,,packages/client/src/modules/
143,05.MULTI.baseline.hint.desktop,1 FELADAT,05 MULTI,-,baseline,IRÁNYÍTÁS sor,asztali,WASD vagy nyilak: követés · kattintás: válasz az állomásokon,,,packages/client/src/modules/
144,05.MULTI.baseline.hint.mobile,1 FELADAT,05 MULTI,-,baseline,IRÁNYÍTÁS sor,mobil,Bal hüvelyk a karon: követés · koppintás: válasz az állomásokon,,,packages/client/src/modules/
145,05.MULTI.dual.cim,1 FELADAT,05 MULTI,-,dual,blokk címe,mind,KETTŐ EGYSZERRE,,,packages/client/src/modules/
146,05.MULTI.dual.instruction.vr,1 FELADAT,05 MULTI,-,dual,instrukció,VR,"Most a KÖVETÉS és a RENDSZER megy egyszerre. A bal kezed a karon marad és tartja a korongot középen; a jobb kezeddel közben mutatsz és válaszolsz a rendszerállomáson. Nem lehet mindkettőt tökéletesen — az a kérdés, hogyan osztod meg a figyelmed.",,,packages/client/src/modules/
147,05.MULTI.dual.instruction.desktop,1 FELADAT,05 MULTI,-,dual,instrukció,asztali,"Most a KÖVETÉS és a RENDSZER megy egyszerre. A bal kezed a WASD-n marad és tartja a korongot középen; a jobb kezeddel közben az egérrel kattintasz a rendszerállomáson. Nem lehet mindkettőt tökéletesen — az a kérdés, hogyan osztod meg a figyelmed.",,,packages/client/src/modules/
148,05.MULTI.dual.instruction.mobile,1 FELADAT,05 MULTI,-,dual,instrukció,mobil,"Most a KÖVETÉS és a RENDSZER megy egyszerre. A bal hüvelykujjad a karon marad és tartja a korongot középen; a jobb hüvelykujjaddal közben koppintasz a rendszerállomáson. Nem lehet mindkettőt tökéletesen — az a kérdés, hogyan osztod meg a figyelmed.",,,packages/client/src/modules/
149,05.MULTI.dual.hint.vr,1 FELADAT,05 MULTI,-,dual,IRÁNYÍTÁS sor,VR,BAL kar: követés · JOBB kontroller sugara + RAVASZ: válasz az állomásokon,,,packages/client/src/modules/
150,05.MULTI.dual.hint.desktop,1 FELADAT,05 MULTI,-,dual,IRÁNYÍTÁS sor,asztali,WASD vagy nyilak: követés · kattintás: válasz az állomásokon,,,packages/client/src/modules/
151,05.MULTI.dual.hint.mobile,1 FELADAT,05 MULTI,-,dual,IRÁNYÍTÁS sor,mobil,Bal hüvelyk a karon: követés · koppintás: válasz az állomásokon,,,packages/client/src/modules/
152,05.MULTI.load.cim,1 FELADAT,05 MULTI,-,load,blokk címe,mind,MIND A NÉGY,,,packages/client/src/modules/
153,05.MULTI.load.instruction.vr,1 FELADAT,05 MULTI,-,load,instrukció,VR,"Mind a négy állomás egyszerre, két szakaszban. Az állomások körülötted vannak, ezért egyszerre legfeljebb kettőt látsz — fordulj oda, amelyikre figyelni akarsz. A második szakaszban sűrűbben történnek a dolgok. Nem lehet mindent tökéletesen csinálni: az a kérdés, mit engedsz el.",,,packages/client/src/modules/
154,05.MULTI.load.instruction.desktop,1 FELADAT,05 MULTI,-,load,instrukció,asztali,"Mind a négy állomás egyszerre, két szakaszban — mind a négy a képernyőn van. A második szakaszban sűrűbben történnek a dolgok. Nem lehet mindent tökéletesen csinálni: az a kérdés, mit engedsz el.",,,packages/client/src/modules/
155,05.MULTI.load.instruction.mobile,1 FELADAT,05 MULTI,-,load,instrukció,mobil,"Mind a négy állomás egyszerre, két szakaszban — mind a négy a képernyőn van. A második szakaszban sűrűbben történnek a dolgok. Nem lehet mindent tökéletesen csinálni: az a kérdés, mit engedsz el.",,,packages/client/src/modules/
156,05.MULTI.load.hint.vr,1 FELADAT,05 MULTI,-,load,IRÁNYÍTÁS sor,VR,BAL kar: követés · JOBB kontroller sugara + RAVASZ: válasz az állomásokon,,,packages/client/src/modules/
157,05.MULTI.load.hint.desktop,1 FELADAT,05 MULTI,-,load,IRÁNYÍTÁS sor,asztali,WASD vagy nyilak: követés · kattintás: válasz az állomásokon,,,packages/client/src/modules/
158,05.MULTI.load.hint.mobile,1 FELADAT,05 MULTI,-,load,IRÁNYÍTÁS sor,mobil,Bal hüvelyk a karon: követés · koppintás: válasz az állomásokon,,,packages/client/src/modules/
159,06.WATCH.calibration.cim,1 FELADAT,06 WATCH,-,calibration,blokk címe,mind,KALIBRÁCIÓ,,,packages/client/src/modules/
160,06.WATCH.calibration.instruction.vr,1 FELADAT,06 WATCH,-,calibration,instrukció,VR,"Körülötted fények pulzálnak, mind ugyanabban az ütemben. Az a dolgod, hogy észrevedd, ha BÁRMELYIK kilép a közös ütemből: kihagy egy pulzust, duplán villan, színt vált vagy elmozdul. Amint ilyet látsz, húzd meg a ravaszt. Ebben a rövid részben sűrűn lesznek események — ez azt méri, mit veszel észre pihenten.",,,packages/client/src/modules/
161,06.WATCH.calibration.instruction.desktop,1 FELADAT,06 WATCH,-,calibration,instrukció,asztali,"Előtted fények pulzálnak, mind ugyanabban az ütemben. Az a dolgod, hogy észrevedd, ha BÁRMELYIK kilép a közös ütemből: kihagy egy pulzust, duplán villan, színt vált vagy elmozdul. Amint ilyet látsz, nyomd meg a SZÓKÖZT (vagy kattints). Ebben a rövid részben sűrűn lesznek események — ez azt méri, mit veszel észre pihenten.",,,packages/client/src/modules/
162,06.WATCH.calibration.instruction.mobile,1 FELADAT,06 WATCH,-,calibration,instrukció,mobil,"Előtted fények pulzálnak, mind ugyanabban az ütemben. Az a dolgod, hogy észrevedd, ha BÁRMELYIK kilép a közös ütemből: kihagy egy pulzust, duplán villan, színt vált vagy elmozdul. Amint ilyet látsz, nyomd meg a képernyő alján az ELTÉRÉS gombot. Ebben a rövid részben sűrűn lesznek események — ez azt méri, mit veszel észre pihenten.",,,packages/client/src/modules/
163,06.WATCH.calibration.hint.vr,1 FELADAT,06 WATCH,-,calibration,IRÁNYÍTÁS sor,VR,"Fordulj körbe nyugodtan — az események a hátad mögött is történhetnek. RAVASZ, amint bármelyik fény kilép a közös ütemből.",,,packages/client/src/modules/
164,06.WATCH.calibration.hint.desktop,1 FELADAT,06 WATCH,-,calibration,IRÁNYÍTÁS sor,asztali,"SZÓKÖZ vagy kattintás, amint bármelyik fény kilép a közös ütemből.",,,packages/client/src/modules/
165,06.WATCH.calibration.hint.mobile,1 FELADAT,06 WATCH,-,calibration,IRÁNYÍTÁS sor,mobil,"ELTÉRÉS gomb a képernyő alján, amint bármelyik fény kilép a közös ütemből.",,,packages/client/src/modules/
166,06.WATCH.watchA.cim,1 FELADAT,06 WATCH,-,watchA,blokk címe,mind,SZOLGÁLAT A,,,packages/client/src/modules/
167,06.WATCH.watchA.instruction.vr,1 FELADAT,06 WATCH,-,watchA,instrukció,VR,"Négy perc figyelés. Az események most jóval ritkábbak, és bárhol történhetnek — akár a hátad mögött is. Fordulj körbe folyamatosan: amit nem nézel, azt nem látod. A hátad mögött induló eltérés tovább marad, hogy legyen időd megfordulni. Ugyanúgy a ravasszal jelezz. Visszajelzést nem kapsz — ez szándékos.",,,packages/client/src/modules/
168,06.WATCH.watchA.instruction.desktop,1 FELADAT,06 WATCH,-,watchA,instrukció,asztali,"Négy perc figyelés. Az események most jóval ritkábbak, és a rács bármelyik pontján történhetnek, a szélein is. Ugyanúgy a SZÓKÖZZEL (vagy kattintással) jelezz. Visszajelzést nem kapsz — ez szándékos.",,,packages/client/src/modules/
169,06.WATCH.watchA.instruction.mobile,1 FELADAT,06 WATCH,-,watchA,instrukció,mobil,"Négy perc figyelés. Az események most jóval ritkábbak, és a rács bármelyik pontján történhetnek, a szélein is. Ugyanúgy az ELTÉRÉS gombbal jelezz. Visszajelzést nem kapsz — ez szándékos.",,,packages/client/src/modules/
170,06.WATCH.watchA.hint.vr,1 FELADAT,06 WATCH,-,watchA,IRÁNYÍTÁS sor,VR,"Fordulj körbe nyugodtan — az események a hátad mögött is történhetnek. RAVASZ, amint bármelyik fény kilép a közös ütemből.",,,packages/client/src/modules/
171,06.WATCH.watchA.hint.desktop,1 FELADAT,06 WATCH,-,watchA,IRÁNYÍTÁS sor,asztali,"SZÓKÖZ vagy kattintás, amint bármelyik fény kilép a közös ütemből.",,,packages/client/src/modules/
172,06.WATCH.watchA.hint.mobile,1 FELADAT,06 WATCH,-,watchA,IRÁNYÍTÁS sor,mobil,"ELTÉRÉS gomb a képernyő alján, amint bármelyik fény kilép a közös ütemből.",,,packages/client/src/modules/
173,06.WATCH.watchB.cim,1 FELADAT,06 WATCH,-,watchB,blokk címe,mind,SZOLGÁLAT B,,,packages/client/src/modules/
174,06.WATCH.watchB.instruction.vr,1 FELADAT,06 WATCH,-,watchB,instrukció,VR,"Még négy perc. A rács most lassan forog körülötted, tehát a fények helye folyamatosan változik. Néha hang is jelezhet eseményt — abból az irányból, ahol történt. Ugyanúgy a ravasszal jelezz.",,,packages/client/src/modules/
175,06.WATCH.watchB.instruction.desktop,1 FELADAT,06 WATCH,-,watchB,instrukció,asztali,"Még négy perc. A rács most lassan forog, tehát a fények helye folyamatosan változik. Néha hang is jelezhet eseményt. Ugyanúgy a SZÓKÖZZEL (vagy kattintással) jelezz.",,,packages/client/src/modules/
176,06.WATCH.watchB.instruction.mobile,1 FELADAT,06 WATCH,-,watchB,instrukció,mobil,"Még négy perc. A rács most lassan forog, tehát a fények helye folyamatosan változik. Néha hang is jelezhet eseményt. Ugyanúgy az ELTÉRÉS gombbal jelezz.",,,packages/client/src/modules/
177,06.WATCH.watchB.hint.vr,1 FELADAT,06 WATCH,-,watchB,IRÁNYÍTÁS sor,VR,"Fordulj körbe nyugodtan — az események a hátad mögött is történhetnek. RAVASZ, amint bármelyik fény kilép a közös ütemből.",,,packages/client/src/modules/
178,06.WATCH.watchB.hint.desktop,1 FELADAT,06 WATCH,-,watchB,IRÁNYÍTÁS sor,asztali,"SZÓKÖZ vagy kattintás, amint bármelyik fény kilép a közös ütemből.",,,packages/client/src/modules/
179,06.WATCH.watchB.hint.mobile,1 FELADAT,06 WATCH,-,watchB,IRÁNYÍTÁS sor,mobil,"ELTÉRÉS gomb a képernyő alján, amint bármelyik fény kilép a közös ütemből.",,,packages/client/src/modules/
180,07.PRESSURE-A.baseline.cim,1 FELADAT,07 PRESSURE,A,baseline,blokk címe,mind,ALAPVONAL,,,packages/client/src/modules/
181,07.PRESSURE-A.baseline.instruction.vr,1 FELADAT,07 PRESSURE,A,baseline,instrukció,VR,"Egy alakzat jelenik meg előtted. Most csak a SZÍNE számít: ha CIÁN, húzd meg a BAL ravaszt; ha MAGENTA, a JOBB ravaszt. Van bőven időd. Ez a rész azt méri, mire vagy képes nyugodt körülmények között — minden későbbi eredményt ehhez viszonyítunk.",,,packages/client/src/modules/
182,07.PRESSURE-A.baseline.instruction.desktop,1 FELADAT,07 PRESSURE,A,baseline,instrukció,asztali,"Egy alakzat jelenik meg előtted. Most csak a SZÍNE számít: ha CIÁN, nyomd meg az F billentyűt (vagy a balra nyilat); ha MAGENTA, a J billentyűt (vagy a jobbra nyilat). Van bőven időd. Ez a rész azt méri, mire vagy képes nyugodt körülmények között — minden későbbi eredményt ehhez viszonyítunk.",,,packages/client/src/modules/
183,07.PRESSURE-A.baseline.instruction.mobile,1 FELADAT,07 PRESSURE,A,baseline,instrukció,mobil,"Egy alakzat jelenik meg előtted. Most csak a SZÍNE számít: ha CIÁN, nyomd meg a képernyő alján a BAL gombot; ha MAGENTA, a JOBB gombot. Van bőven időd. Ez a rész azt méri, mire vagy képes nyugodt körülmények között — minden későbbi eredményt ehhez viszonyítunk.",,,packages/client/src/modules/
184,07.PRESSURE-A.baseline.hint.vr,1 FELADAT,07 PRESSURE,A,baseline,IRÁNYÍTÁS sor,VR,CIÁN vagy KOCKA → BAL ravasz · MAGENTA vagy GÖMB → JOBB ravasz,,,packages/client/src/modules/
185,07.PRESSURE-A.baseline.hint.desktop,1 FELADAT,07 PRESSURE,A,baseline,IRÁNYÍTÁS sor,asztali,CIÁN vagy KOCKA → F (vagy ←) · MAGENTA vagy GÖMB → J (vagy →),,,packages/client/src/modules/
186,07.PRESSURE-A.baseline.hint.mobile,1 FELADAT,07 PRESSURE,A,baseline,IRÁNYÍTÁS sor,mobil,CIÁN vagy KOCKA → BAL gomb · MAGENTA vagy GÖMB → JOBB gomb,,,packages/client/src/modules/
187,07.PRESSURE-A.interference.cim,1 FELADAT,07 PRESSURE,A,interference,blokk címe,mind,INTERFERENCIA,,,packages/client/src/modules/
188,07.PRESSURE-A.interference.instruction.vr,1 FELADAT,07 PRESSURE,A,interference,instrukció,VR,"Minden próba elején egy felirat megmondja, mi számít: a SZÍN vagy az ALAK. A másik tulajdonság szándékosan az ellenkező oldalra fog húzni — hagyd figyelmen kívül. CIÁN vagy KOCKA → BAL ravasz. MAGENTA vagy GÖMB → JOBB ravasz.",,,packages/client/src/modules/
189,07.PRESSURE-A.interference.instruction.desktop,1 FELADAT,07 PRESSURE,A,interference,instrukció,asztali,"Minden próba elején egy felirat megmondja, mi számít: a SZÍN vagy az ALAK. A másik tulajdonság szándékosan az ellenkező oldalra fog húzni — hagyd figyelmen kívül. CIÁN vagy KOCKA → F billentyű. MAGENTA vagy GÖMB → J billentyű.",,,packages/client/src/modules/
190,07.PRESSURE-A.interference.instruction.mobile,1 FELADAT,07 PRESSURE,A,interference,instrukció,mobil,"Minden próba elején egy felirat megmondja, mi számít: a SZÍN vagy az ALAK. A másik tulajdonság szándékosan az ellenkező oldalra fog húzni — hagyd figyelmen kívül. CIÁN vagy KOCKA → BAL gomb. MAGENTA vagy GÖMB → JOBB gomb.",,,packages/client/src/modules/
191,07.PRESSURE-A.interference.hint.vr,1 FELADAT,07 PRESSURE,A,interference,IRÁNYÍTÁS sor,VR,CIÁN vagy KOCKA → BAL ravasz · MAGENTA vagy GÖMB → JOBB ravasz,,,packages/client/src/modules/
192,07.PRESSURE-A.interference.hint.desktop,1 FELADAT,07 PRESSURE,A,interference,IRÁNYÍTÁS sor,asztali,CIÁN vagy KOCKA → F (vagy ←) · MAGENTA vagy GÖMB → J (vagy →),,,packages/client/src/modules/
193,07.PRESSURE-A.interference.hint.mobile,1 FELADAT,07 PRESSURE,A,interference,IRÁNYÍTÁS sor,mobil,CIÁN vagy KOCKA → BAL gomb · MAGENTA vagy GÖMB → JOBB gomb,,,packages/client/src/modules/
194,07.PRESSURE-A.switching.cim,1 FELADAT,07 PRESSURE,A,switching,blokk címe,mind,VÁLTÁS,,,packages/client/src/modules/
195,07.PRESSURE-A.switching.instruction,1 FELADAT,07 PRESSURE,A,switching,instrukció,mind,"Most próbáról próbára változhat, hogy a SZÍN vagy az ALAK számít. A felirat minden alkalommal megmondja — de csak röviden, ezért minden próbán olvasd el. A válaszok ugyanazok, mint eddig.",,,packages/client/src/modules/
196,07.PRESSURE-A.switching.hint.vr,1 FELADAT,07 PRESSURE,A,switching,IRÁNYÍTÁS sor,VR,CIÁN vagy KOCKA → BAL ravasz · MAGENTA vagy GÖMB → JOBB ravasz,,,packages/client/src/modules/
197,07.PRESSURE-A.switching.hint.desktop,1 FELADAT,07 PRESSURE,A,switching,IRÁNYÍTÁS sor,asztali,CIÁN vagy KOCKA → F (vagy ←) · MAGENTA vagy GÖMB → J (vagy →),,,packages/client/src/modules/
198,07.PRESSURE-A.switching.hint.mobile,1 FELADAT,07 PRESSURE,A,switching,IRÁNYÍTÁS sor,mobil,CIÁN vagy KOCKA → BAL gomb · MAGENTA vagy GÖMB → JOBB gomb,,,packages/client/src/modules/
199,07.PRESSURE-A.pressure.cim,1 FELADAT,07 PRESSURE,A,pressure,blokk címe,mind,NYOMÁS,,,packages/client/src/modules/
200,07.PRESSURE-A.pressure.instruction,1 FELADAT,07 PRESSURE,A,pressure,instrukció,mind,"Ugyanaz a feladat, de mostantól fogy az idő, zavaró hangok szólnak, és látod a saját sorozatodat. A sorozat közepén a szabály MEGFORDUL — figyelj a jelzésre. Nincs benne semmi ijesztő; csak kevesebb az idő.",,,packages/client/src/modules/
201,07.PRESSURE-A.pressure.hint.vr,1 FELADAT,07 PRESSURE,A,pressure,IRÁNYÍTÁS sor,VR,CIÁN vagy KOCKA → BAL ravasz · MAGENTA vagy GÖMB → JOBB ravasz,,,packages/client/src/modules/
202,07.PRESSURE-A.pressure.hint.desktop,1 FELADAT,07 PRESSURE,A,pressure,IRÁNYÍTÁS sor,asztali,CIÁN vagy KOCKA → F (vagy ←) · MAGENTA vagy GÖMB → J (vagy →),,,packages/client/src/modules/
203,07.PRESSURE-A.pressure.hint.mobile,1 FELADAT,07 PRESSURE,A,pressure,IRÁNYÍTÁS sor,mobil,CIÁN vagy KOCKA → BAL gomb · MAGENTA vagy GÖMB → JOBB gomb,,,packages/client/src/modules/
204,07.PRESSURE-A.recovery.cim,1 FELADAT,07 PRESSURE,A,recovery,blokk címe,mind,HELYREÁLLÁS,,,packages/client/src/modules/
205,07.PRESSURE-A.recovery.instruction,1 FELADAT,07 PRESSURE,A,recovery,instrukció,mind,"Vissza az első rész feltételeihez: csak a SZÍN számít, és újra van bőven idő. Nincs hang, nincs számláló. Ez azt méri, elmúlt-e a nyomás hatása.",,,packages/client/src/modules/
206,07.PRESSURE-A.recovery.hint.vr,1 FELADAT,07 PRESSURE,A,recovery,IRÁNYÍTÁS sor,VR,CIÁN vagy KOCKA → BAL ravasz · MAGENTA vagy GÖMB → JOBB ravasz,,,packages/client/src/modules/
207,07.PRESSURE-A.recovery.hint.desktop,1 FELADAT,07 PRESSURE,A,recovery,IRÁNYÍTÁS sor,asztali,CIÁN vagy KOCKA → F (vagy ←) · MAGENTA vagy GÖMB → J (vagy →),,,packages/client/src/modules/
208,07.PRESSURE-A.recovery.hint.mobile,1 FELADAT,07 PRESSURE,A,recovery,IRÁNYÍTÁS sor,mobil,CIÁN vagy KOCKA → BAL gomb · MAGENTA vagy GÖMB → JOBB gomb,,,packages/client/src/modules/
209,07.PRESSURE-B.baseline.cim,1 FELADAT,07 PRESSURE,B,baseline,blokk címe,mind,ALAPVONAL,,,packages/client/src/modules/
210,07.PRESSURE-B.baseline.instruction,1 FELADAT,07 PRESSURE,B,baseline,instrukció,mind,"Színes gömbök jelennek meg körülötted, hol itt, hol ott. Csak a SZÍN számít: ha CIÁN, húzd meg a BAL ravaszt; ha MAGENTA, a JOBB ravaszt. Az, hogy hol jelenik meg a gömb, teljesen lényegtelen. Van bőven időd.",,,packages/client/src/modules/
211,07.PRESSURE-B.baseline.hint,1 FELADAT,07 PRESSURE,B,baseline,IRÁNYÍTÁS sor,mind,CIÁN → BAL ravasz · MAGENTA → JOBB ravasz · a gömb helye lényegtelen,,,packages/client/src/modules/
212,07.PRESSURE-B.simon.cim,1 FELADAT,07 PRESSURE,B,simon,blokk címe,mind,HELY–VÁLASZ ÜTKÖZÉS,,,packages/client/src/modules/
213,07.PRESSURE-B.simon.instruction,1 FELADAT,07 PRESSURE,B,simon,instrukció,mind,"Ugyanaz a szabály, de a gömbök most gyakran a válasszal ELLENTÉTES oldalon jelennek meg: a bal oldalon felvillanó magenta gömbre is a JOBB ravasz a helyes. A helyét hagyd figyelmen kívül — nehezebb, mint hangzik.",,,packages/client/src/modules/
214,07.PRESSURE-B.simon.hint,1 FELADAT,07 PRESSURE,B,simon,IRÁNYÍTÁS sor,mind,CIÁN → BAL ravasz · MAGENTA → JOBB ravasz · a gömb helye lényegtelen,,,packages/client/src/modules/
215,07.PRESSURE-B.depthsimon.cim,1 FELADAT,07 PRESSURE,B,depthsimon,blokk címe,mind,MÉLYSÉGI ÜTKÖZÉS,,,packages/client/src/modules/
216,07.PRESSURE-B.depthsimon.instruction,1 FELADAT,07 PRESSURE,B,depthsimon,instrukció,mind,"Most a válasz iránya előre-hátra. Ha a szín a TÁVOLI (narancssárga) gyűrűt kéri, TOLD ELŐRE a kontrollert odáig; ha a KÖZELIT (kék), HÚZD VISSZA. A gömb hol közel, hol távol jelenik meg — és a helye itt is ütközhet a helyes válasszal.",,,packages/client/src/modules/
217,07.PRESSURE-B.depthsimon.hint,1 FELADAT,07 PRESSURE,B,depthsimon,IRÁNYÍTÁS sor,mind,"TÁVOLI (narancs) gyűrű → told előre a kontrollert · KÖZELI (kék) → húzd vissza. A szín mondja, melyik.",,,packages/client/src/modules/
218,07.PRESSURE-B.squeeze.cim,1 FELADAT,07 PRESSURE,B,squeeze,blokk címe,mind,NYOMÁS,,,packages/client/src/modules/
219,07.PRESSURE-B.squeeze.instruction,1 FELADAT,07 PRESSURE,B,squeeze,instrukció,mind,"Fogy az idő, zavaró hangok szólnak, és látod a saját sorozatodat. Közben a látómeződ szélén fehér gömbök villannak fel — azokra a MARKOLATGOMBOT (grip) nyomd meg, bármelyik kézzel. Azt mérjük, meddig veszed őket észre, ahogy nő a nyomás.",,,packages/client/src/modules/
220,07.PRESSURE-B.squeeze.hint,1 FELADAT,07 PRESSURE,B,squeeze,IRÁNYÍTÁS sor,mind,CIÁN → BAL ravasz · MAGENTA → JOBB ravasz · fehér villanás a szélén → MARKOLATGOMB (grip),,,packages/client/src/modules/
221,07.PRESSURE-B.recovery.cim,1 FELADAT,07 PRESSURE,B,recovery,blokk címe,mind,HELYREÁLLÁS,,,packages/client/src/modules/
222,07.PRESSURE-B.recovery.instruction,1 FELADAT,07 PRESSURE,B,recovery,instrukció,mind,"Vissza az első rész feltételeihez. Nincs hang, nincs számláló, van idő. Ez azt méri, elmúlt-e a nyomás hatása.",,,packages/client/src/modules/
223,07.PRESSURE-B.recovery.hint,1 FELADAT,07 PRESSURE,B,recovery,IRÁNYÍTÁS sor,mind,CIÁN → BAL ravasz · MAGENTA → JOBB ravasz · a gömb helye lényegtelen,,,packages/client/src/modules/
224,08.HOLD.gonogo.cim,1 FELADAT,08 HOLD,-,gonogo,blokk címe,mind,GO / NO-GO,,,packages/client/src/modules/
225,08.HOLD.gonogo.instruction.vr,1 FELADAT,08 HOLD,-,gonogo,instrukció,VR,"Testek repülnek feléd. Húzd meg a ravaszt arra, amelyik PIROS ÉS PULZÁL — még mielőtt ideérne. A piros, de nem pulzáló testre, és minden kék testre NE csinálj semmit: hagyd elrepülni. A testek többségére nyomni kell — épp ettől nehéz visszatartani a mozdulatot, amikor nem szabad.",,,packages/client/src/modules/
226,08.HOLD.gonogo.instruction.desktop,1 FELADAT,08 HOLD,-,gonogo,instrukció,asztali,"Testek repülnek feléd. Nyomd meg a SZÓKÖZT (vagy kattints) arra, amelyik PIROS ÉS PULZÁL — még mielőtt ideérne. A piros, de nem pulzáló testre, és minden kék testre NE csinálj semmit: hagyd elrepülni. A testek többségére nyomni kell — épp ettől nehéz visszatartani a mozdulatot, amikor nem szabad.",,,packages/client/src/modules/
227,08.HOLD.gonogo.instruction.mobile,1 FELADAT,08 HOLD,-,gonogo,instrukció,mobil,"Testek repülnek feléd. Nyomd meg a képernyő alján a MOST gombot arra, amelyik PIROS ÉS PULZÁL — még mielőtt ideérne. A piros, de nem pulzáló testre, és minden kék testre NE csinálj semmit: hagyd elrepülni. A testek többségére nyomni kell — épp ettől nehéz visszatartani a mozdulatot, amikor nem szabad.",,,packages/client/src/modules/
228,08.HOLD.gonogo.hint.vr,1 FELADAT,08 HOLD,-,gonogo,IRÁNYÍTÁS sor,VR,"RAVASZ, ha a test PIROS ÉS PULZÁL · minden másra semmi — hagyd elrepülni.",,,packages/client/src/modules/
229,08.HOLD.gonogo.hint.desktop,1 FELADAT,08 HOLD,-,gonogo,IRÁNYÍTÁS sor,asztali,"SZÓKÖZ vagy kattintás, ha a test PIROS ÉS PULZÁL · minden másra semmi — hagyd elrepülni.",,,packages/client/src/modules/
230,08.HOLD.gonogo.hint.mobile,1 FELADAT,08 HOLD,-,gonogo,IRÁNYÍTÁS sor,mobil,"MOST gomb, ha a test PIROS ÉS PULZÁL · minden másra semmi — hagyd elrepülni.",,,packages/client/src/modules/
231,08.HOLD.stop.cim,1 FELADAT,08 HOLD,-,stop,blokk címe,mind,STOP-JEL,,,packages/client/src/modules/
232,08.HOLD.stop.instruction.vr,1 FELADAT,08 HOLD,-,stop,instrukció,VR,"Most MINDEN testre húzd meg a ravaszt — kivéve, ha repülés közben FEHÉRRE VÁLT és megszólal egy hang. Akkor tartsd vissza a mozdulatot. A jel hol korán jön, hol az utolsó pillanatban. Ha egyszer sem sikerül megállnod, az azt jelenti, hogy túl korán kötelezed el magad.",,,packages/client/src/modules/
233,08.HOLD.stop.instruction.desktop,1 FELADAT,08 HOLD,-,stop,instrukció,asztali,"Most MINDEN testre nyomd meg a SZÓKÖZT (vagy kattints) — kivéve, ha repülés közben FEHÉRRE VÁLT és megszólal egy hang. Akkor tartsd vissza a mozdulatot. A jel hol korán jön, hol az utolsó pillanatban. Ha egyszer sem sikerül megállnod, az azt jelenti, hogy túl korán kötelezed el magad.",,,packages/client/src/modules/
234,08.HOLD.stop.instruction.mobile,1 FELADAT,08 HOLD,-,stop,instrukció,mobil,"Most MINDEN testre nyomd meg a MOST gombot — kivéve, ha repülés közben FEHÉRRE VÁLT és megszólal egy hang. Akkor tartsd vissza a mozdulatot. A jel hol korán jön, hol az utolsó pillanatban. Ha egyszer sem sikerül megállnod, az azt jelenti, hogy túl korán kötelezed el magad.",,,packages/client/src/modules/
235,08.HOLD.stop.hint.vr,1 FELADAT,08 HOLD,-,stop,IRÁNYÍTÁS sor,VR,"RAVASZ minden testre — kivéve, ha közben FEHÉRRE VÁLT és megszólal a hang.",,,packages/client/src/modules/
236,08.HOLD.stop.hint.desktop,1 FELADAT,08 HOLD,-,stop,IRÁNYÍTÁS sor,asztali,"SZÓKÖZ vagy kattintás minden testre — kivéve, ha közben FEHÉRRE VÁLT és megszólal a hang.",,,packages/client/src/modules/
237,08.HOLD.stop.hint.mobile,1 FELADAT,08 HOLD,-,stop,IRÁNYÍTÁS sor,mobil,"MOST gomb minden testre — kivéve, ha közben FEHÉRRE VÁLT és megszólal a hang.",,,packages/client/src/modules/
238,08.HOLD.trajectory.cim,1 FELADAT,08 HOLD,-,trajectory,blokk címe,mind,PÁLYA,,,packages/client/src/modules/
239,08.HOLD.trajectory.instruction.vr,1 FELADAT,08 HOLD,-,trajectory,instrukció,VR,"A szín most nem számít — minden test szürke. Csak arra húzd meg a ravaszt, amelyik ELTALÁLNA. Amelyik elmegy melletted, arra ne. Ehhez meg kell ítélned a röppályából, merre tart a test a térben.",,,packages/client/src/modules/
240,08.HOLD.trajectory.instruction.desktop,1 FELADAT,08 HOLD,-,trajectory,instrukció,asztali,"A szín most nem számít — minden test szürke. Csak arra nyomd meg a SZÓKÖZT (vagy kattints), amelyik ELTALÁLNA. Amelyik elmegy melletted, arra ne. Ehhez meg kell ítélned a röppályából, merre tart a test.",,,packages/client/src/modules/
241,08.HOLD.trajectory.instruction.mobile,1 FELADAT,08 HOLD,-,trajectory,instrukció,mobil,"A szín most nem számít — minden test szürke. Csak arra nyomd meg a MOST gombot, amelyik ELTALÁLNA. Amelyik elmegy melletted, arra ne. Ehhez meg kell ítélned a röppályából, merre tart a test.",,,packages/client/src/modules/
242,08.HOLD.trajectory.hint.vr,1 FELADAT,08 HOLD,-,trajectory,IRÁNYÍTÁS sor,VR,"RAVASZ arra, ami ELTALÁLNA · ami elmegy melletted, arra semmi.",,,packages/client/src/modules/
243,08.HOLD.trajectory.hint.desktop,1 FELADAT,08 HOLD,-,trajectory,IRÁNYÍTÁS sor,asztali,"SZÓKÖZ vagy kattintás arra, ami ELTALÁLNA · ami elmegy melletted, arra semmi.",,,packages/client/src/modules/
244,08.HOLD.trajectory.hint.mobile,1 FELADAT,08 HOLD,-,trajectory,IRÁNYÍTÁS sor,mobil,"MOST gomb arra, ami ELTALÁLNA · ami elmegy melletted, arra semmi.",,,packages/client/src/modules/
245,08.HOLD.reversal.cim,1 FELADAT,08 HOLD,-,reversal,blokk címe,mind,SZABÁLYVÁLTÁS,,,packages/client/src/modules/
246,08.HOLD.reversal.instruction.vr,1 FELADAT,08 HOLD,-,reversal,instrukció,VR,"Ugyanaz a szabály, mint az első részben: piros ÉS pulzáló → ravasz, minden más → semmi. De a sorozat közepén a szabály MEGFORDUL, és onnantól pont az ellenkezője lesz igaz. Figyelj a jelzésre, amikor átfordul.",,,packages/client/src/modules/
247,08.HOLD.reversal.instruction.desktop,1 FELADAT,08 HOLD,-,reversal,instrukció,asztali,"Ugyanaz a szabály, mint az első részben: piros ÉS pulzáló → SZÓKÖZ, minden más → semmi. De a sorozat közepén a szabály MEGFORDUL, és onnantól pont az ellenkezője lesz igaz. Figyelj a jelzésre, amikor átfordul.",,,packages/client/src/modules/
248,08.HOLD.reversal.instruction.mobile,1 FELADAT,08 HOLD,-,reversal,instrukció,mobil,"Ugyanaz a szabály, mint az első részben: piros ÉS pulzáló → MOST gomb, minden más → semmi. De a sorozat közepén a szabály MEGFORDUL, és onnantól pont az ellenkezője lesz igaz. Figyelj a jelzésre, amikor átfordul.",,,packages/client/src/modules/
249,08.HOLD.reversal.hint.vr,1 FELADAT,08 HOLD,-,reversal,IRÁNYÍTÁS sor,VR,"RAVASZ, ha a test PIROS ÉS PULZÁL · minden másra semmi — hagyd elrepülni.",,,packages/client/src/modules/
250,08.HOLD.reversal.hint.desktop,1 FELADAT,08 HOLD,-,reversal,IRÁNYÍTÁS sor,asztali,"SZÓKÖZ vagy kattintás, ha a test PIROS ÉS PULZÁL · minden másra semmi — hagyd elrepülni.",,,packages/client/src/modules/
251,08.HOLD.reversal.hint.mobile,1 FELADAT,08 HOLD,-,reversal,IRÁNYÍTÁS sor,mobil,"MOST gomb, ha a test PIROS ÉS PULZÁL · minden másra semmi — hagyd elrepülni.",,,packages/client/src/modules/
252,09.MEMORY.span.cim,1 FELADAT,09 MEMORY,-,span,blokk címe,mind,TÉRBELI SOROZAT,,,packages/client/src/modules/
253,09.MEMORY.span.instruction.vr,1 FELADAT,09 MEMORY,-,span,instrukció,VR,"Kockák lebegnek előtted, három különböző távolságban. Néhány közülük sorban felvillan és megfordul: jegyezd meg a sorrendet. Utána mutass rájuk a kontroller sugarával ugyanabban a sorrendben, és mindegyiknél húzd meg a ravaszt. A mélység is a hely része — egy közelebbi és egy távolabbi kocka két különböző hely. A sorozat egyre hosszabb lesz.",,,packages/client/src/modules/
254,09.MEMORY.span.instruction.desktop,1 FELADAT,09 MEMORY,-,span,instrukció,asztali,"Kockák lebegnek előtted, három különböző távolságban. Néhány közülük sorban felvillan és megfordul: jegyezd meg a sorrendet. Utána kattints rájuk ugyanabban a sorrendben. A mélység is a hely része — egy közelebbi és egy távolabbi kocka két különböző hely. A sorozat egyre hosszabb lesz.",,,packages/client/src/modules/
255,09.MEMORY.span.instruction.mobile,1 FELADAT,09 MEMORY,-,span,instrukció,mobil,"Kockák lebegnek előtted, három különböző távolságban. Néhány közülük sorban felvillan és megfordul: jegyezd meg a sorrendet. Utána koppints rájuk ugyanabban a sorrendben. A mélység is a hely része — egy közelebbi és egy távolabbi kocka két különböző hely. A sorozat egyre hosszabb lesz.",,,packages/client/src/modules/
256,09.MEMORY.span.hint.vr,1 FELADAT,09 MEMORY,-,span,IRÁNYÍTÁS sor,VR,"Sugár a kockákra + RAVASZ, abban a sorrendben, ahogy felvillantak.",,,packages/client/src/modules/
257,09.MEMORY.span.hint.desktop,1 FELADAT,09 MEMORY,-,span,IRÁNYÍTÁS sor,asztali,"Kattints a kockákra abban a sorrendben, ahogy felvillantak.",,,packages/client/src/modules/
258,09.MEMORY.span.hint.mobile,1 FELADAT,09 MEMORY,-,span,IRÁNYÍTÁS sor,mobil,"Koppints a kockákra abban a sorrendben, ahogy felvillantak.",,,packages/client/src/modules/
259,09.MEMORY.rotate.cim,1 FELADAT,09 MEMORY,-,rotate,blokk címe,mind,ELFORDULT TÉR,,,packages/client/src/modules/
260,09.MEMORY.rotate.instruction.vr,1 FELADAT,09 MEMORY,-,rotate,instrukció,VR,"Ugyanaz, négy kockával — de a sorozat után elsötétül a kép, és a kockatömb közben ELFORDULHAT. A fordulást nem látod. Amikor visszatér a kép, az ÚJ helyzetben mutasd meg ugyanazt a sorozatot a sugárral és a ravasszal. Néha nem fordul el semmi.",,,packages/client/src/modules/
261,09.MEMORY.rotate.instruction.desktop,1 FELADAT,09 MEMORY,-,rotate,instrukció,asztali,"Ugyanaz, négy kockával — de a sorozat után elsötétül a kép, és a kockatömb közben ELFORDULHAT. A fordulást nem látod. Amikor visszatér a kép, az ÚJ helyzetben kattints végig ugyanazon a sorozaton. Néha nem fordul el semmi.",,,packages/client/src/modules/
262,09.MEMORY.rotate.instruction.mobile,1 FELADAT,09 MEMORY,-,rotate,instrukció,mobil,"Ugyanaz, négy kockával — de a sorozat után elsötétül a kép, és a kockatömb közben ELFORDULHAT. A fordulást nem látod. Amikor visszatér a kép, az ÚJ helyzetben koppints végig ugyanazon a sorozaton. Néha nem fordul el semmi.",,,packages/client/src/modules/
263,09.MEMORY.rotate.hint.vr,1 FELADAT,09 MEMORY,-,rotate,IRÁNYÍTÁS sor,VR,"Sugár a kockákra + RAVASZ, abban a sorrendben, ahogy felvillantak.",,,packages/client/src/modules/
264,09.MEMORY.rotate.hint.desktop,1 FELADAT,09 MEMORY,-,rotate,IRÁNYÍTÁS sor,asztali,"Kattints a kockákra abban a sorrendben, ahogy felvillantak.",,,packages/client/src/modules/
265,09.MEMORY.rotate.hint.mobile,1 FELADAT,09 MEMORY,-,rotate,IRÁNYÍTÁS sor,mobil,"Koppints a kockákra abban a sorrendben, ahogy felvillantak.",,,packages/client/src/modules/
266,09.MEMORY.bind.cim,1 FELADAT,09 MEMORY,-,bind,blokk címe,mind,MI — HOL,,,packages/client/src/modules/
267,09.MEMORY.bind.instruction.vr,1 FELADAT,09 MEMORY,-,bind,instrukció,VR,"Hat különböző alakzat jelenik meg hat helyen. Jegyezd meg, melyik hol volt. Aztán eltűnnek, és egyet közelről megmutatok: mutass a sugárral arra a helyre, ahol AZ AZ alakzat volt, és húzd meg a ravaszt.",,,packages/client/src/modules/
268,09.MEMORY.bind.instruction.desktop,1 FELADAT,09 MEMORY,-,bind,instrukció,asztali,"Hat különböző alakzat jelenik meg hat helyen. Jegyezd meg, melyik hol volt. Aztán eltűnnek, és egyet közelről megmutatok: kattints arra a helyre, ahol AZ AZ alakzat volt.",,,packages/client/src/modules/
269,09.MEMORY.bind.instruction.mobile,1 FELADAT,09 MEMORY,-,bind,instrukció,mobil,"Hat különböző alakzat jelenik meg hat helyen. Jegyezd meg, melyik hol volt. Aztán eltűnnek, és egyet közelről megmutatok: koppints arra a helyre, ahol AZ AZ alakzat volt.",,,packages/client/src/modules/
270,09.MEMORY.bind.hint.vr,1 FELADAT,09 MEMORY,-,bind,IRÁNYÍTÁS sor,VR,"Sugár a helyre + RAVASZ, ahol a megmutatott alakzat volt.",,,packages/client/src/modules/
271,09.MEMORY.bind.hint.desktop,1 FELADAT,09 MEMORY,-,bind,IRÁNYÍTÁS sor,asztali,"Kattints a helyre, ahol a megmutatott alakzat volt.",,,packages/client/src/modules/
272,09.MEMORY.bind.hint.mobile,1 FELADAT,09 MEMORY,-,bind,IRÁNYÍTÁS sor,mobil,"Koppints a helyre, ahol a megmutatott alakzat volt.",,,packages/client/src/modules/
273,09.MEMORY.nback.cim,1 FELADAT,09 MEMORY,-,nback,blokk címe,mind,FOLYAMATOS,,,packages/client/src/modules/
274,09.MEMORY.nback.instruction.vr,1 FELADAT,09 MEMORY,-,nback,instrukció,VR,"Egy gömb ugrál a helyek között. Húzd meg a ravaszt, valahányszor UGYANODA kerül, ahol KÉT lépéssel korábban volt — nem az előző helyre, a kettővel korábbira. Ha nem egyezik, ne csinálj semmit. Ehhez folyamatosan fejben kell tartanod az utolsó két helyet.",,,packages/client/src/modules/
275,09.MEMORY.nback.instruction.desktop,1 FELADAT,09 MEMORY,-,nback,instrukció,asztali,"Egy gömb ugrál a helyek között. Nyomd meg a SZÓKÖZT, valahányszor UGYANODA kerül, ahol KÉT lépéssel korábban volt — nem az előző helyre, a kettővel korábbira. Ha nem egyezik, ne csinálj semmit. Ehhez folyamatosan fejben kell tartanod az utolsó két helyet.",,,packages/client/src/modules/
276,09.MEMORY.nback.instruction.mobile,1 FELADAT,09 MEMORY,-,nback,instrukció,mobil,"Egy gömb ugrál a helyek között. Nyomd meg a képernyő alján az UGYANOTT gombot, valahányszor UGYANODA kerül, ahol KÉT lépéssel korábban volt — nem az előző helyre, a kettővel korábbira. Ha nem egyezik, ne csinálj semmit. Ehhez folyamatosan fejben kell tartanod az utolsó két helyet.",,,packages/client/src/modules/
277,09.MEMORY.nback.hint.vr,1 FELADAT,09 MEMORY,-,nback,IRÁNYÍTÁS sor,VR,"RAVASZ, ha a gömb ugyanott van, mint két lépéssel korábban.",,,packages/client/src/modules/
278,09.MEMORY.nback.hint.desktop,1 FELADAT,09 MEMORY,-,nback,IRÁNYÍTÁS sor,asztali,"SZÓKÖZ, ha a gömb ugyanott van, mint két lépéssel korábban.",,,packages/client/src/modules/
279,09.MEMORY.nback.hint.mobile,1 FELADAT,09 MEMORY,-,nback,IRÁNYÍTÁS sor,mobil,"UGYANOTT gomb, ha a gömb ugyanott van, mint két lépéssel korábban.",,,packages/client/src/modules/
280,09.MEMORY.interfere.cim,1 FELADAT,09 MEMORY,-,interfere,blokk címe,mind,ZAVARÁS UTÁN,,,packages/client/src/modules/
281,09.MEMORY.interfere.instruction.vr,1 FELADAT,09 MEMORY,-,interfere,instrukció,VR,"Négy kockás sorozat, utána nyolc másodperc várakozás. A várakozás alatt néha egy mozgó gömb jelenik meg: tartsd rajta a kontroller sugarát, amíg el nem tűnik. Csak utána jön a felidézés — a sorozatnak a zavarás alatt is meg kell maradnia a fejedben.",,,packages/client/src/modules/
282,09.MEMORY.interfere.instruction.desktop,1 FELADAT,09 MEMORY,-,interfere,instrukció,asztali,"Négy kockás sorozat, utána nyolc másodperc várakozás. A várakozás alatt néha egy mozgó gömb jelenik meg: kövesd az egérkurzorral, amíg el nem tűnik. Csak utána jön a felidézés — a sorozatnak a zavarás alatt is meg kell maradnia a fejedben.",,,packages/client/src/modules/
283,09.MEMORY.interfere.instruction.mobile,1 FELADAT,09 MEMORY,-,interfere,instrukció,mobil,"Négy kockás sorozat, utána nyolc másodperc várakozás. A várakozás alatt néha egy mozgó gömb jelenik meg: tartsd rajta az ujjad, amíg el nem tűnik. Csak utána jön a felidézés — a sorozatnak a zavarás alatt is meg kell maradnia a fejedben.",,,packages/client/src/modules/
284,09.MEMORY.interfere.hint.vr,1 FELADAT,09 MEMORY,-,interfere,IRÁNYÍTÁS sor,VR,"Sugár a kockákra + RAVASZ, sorrendben · a mozgó gömbön tartsd a sugarat.",,,packages/client/src/modules/
285,09.MEMORY.interfere.hint.desktop,1 FELADAT,09 MEMORY,-,interfere,IRÁNYÍTÁS sor,asztali,Kattints a kockákra sorrendben · a mozgó gömböt kövesd az egérrel.,,,packages/client/src/modules/
286,09.MEMORY.interfere.hint.mobile,1 FELADAT,09 MEMORY,-,interfere,IRÁNYÍTÁS sor,mobil,Koppints a kockákra sorrendben · a mozgó gömbön tartsd az ujjad.,,,packages/client/src/modules/
287,10.COMMAND-A.roundA.cim,1 FELADAT,10 COMMAND,A,roundA,blokk címe,mind,1. KÖR — VEZETŐ NÉLKÜL,,,packages/client/src/modules/
288,10.COMMAND-A.roundA.instruction.vr,1 FELADAT,10 COMMAND,A,roundA,instrukció,VR,"Egy közös tábla körül álltok. A táblán látható adatok egy része hibás, és a javításokat a csapat tagjai külön-külön tudják — beszéljétek meg. Rendeljetek minden egységet egy feladathoz: mutass az egységre a sugárral, húzd meg a ravaszt, majd ugyanígy a feladat gyűrűjére. A markolatgombbal jelölhetsz a táblán. Nincs kijelölt vezető. A kiértékelés akkor indul, ha mindenki készre jelentkezett.",,,packages/client/src/modules/
289,10.COMMAND-A.roundA.instruction.desktop,1 FELADAT,10 COMMAND,A,roundA,instrukció,asztali,"Egy közös tábla körül ültök. A táblán látható adatok egy része hibás, és a javításokat a csapat tagjai külön-külön tudják — beszéljétek meg. Rendeljetek minden egységet egy feladathoz: kattints az egységre, majd a feladat gyűrűjére. Jobb kattintással jelölhetsz a táblán. Nincs kijelölt vezető. A kiértékelés akkor indul, ha mindenki készre jelentkezett.",,,packages/client/src/modules/
290,10.COMMAND-A.roundA.instruction.mobile,1 FELADAT,10 COMMAND,A,roundA,instrukció,mobil,"Egy közös tábla körül ültök. A táblán látható adatok egy része hibás, és a javításokat a csapat tagjai külön-külön tudják — beszéljétek meg. Rendeljetek minden egységet egy feladathoz: koppints az egységre, majd a feladat gyűrűjére. A JELÖLÉS gombbal jelölhetsz a táblán. Nincs kijelölt vezető. A kiértékelés akkor indul, ha mindenki készre jelentkezett.",,,packages/client/src/modules/
291,10.COMMAND-A.roundA.hint.vr,1 FELADAT,10 COMMAND,A,roundA,IRÁNYÍTÁS sor,VR,"Sugár az egységre + RAVASZ, majd a feladat gyűrűjére + RAVASZ · MARKOLATGOMB: jelölés a táblán",,,packages/client/src/modules/
292,10.COMMAND-A.roundA.hint.desktop,1 FELADAT,10 COMMAND,A,roundA,IRÁNYÍTÁS sor,asztali,"Kattints az egységre, majd a feladat gyűrűjére · jobb kattintás: jelölés a táblán",,,packages/client/src/modules/
293,10.COMMAND-A.roundA.hint.mobile,1 FELADAT,10 COMMAND,A,roundA,IRÁNYÍTÁS sor,mobil,"Koppints az egységre, majd a feladat gyűrűjére · JELÖLÉS gomb: jelölés a táblán",,,packages/client/src/modules/
294,10.COMMAND-A.roundB.cim,1 FELADAT,10 COMMAND,A,roundB,blokk címe,mind,2. KÖR — KIJELÖLT PARANCSNOK,,,packages/client/src/modules/
295,10.COMMAND-A.roundB.instruction,1 FELADAT,10 COMMAND,A,roundB,instrukció,mind,"Ebben a körben egy kijelölt parancsnok dönt. A többiek javaslatot tehetnek és információt oszthatnak meg, de a tervet és a lezárást a parancsnok kezeli. A kör közben új információ érkezik — figyeljétek. A kezelés ugyanaz, mint az előbb.",,,packages/client/src/modules/
296,10.COMMAND-A.roundB.hint.vr,1 FELADAT,10 COMMAND,A,roundB,IRÁNYÍTÁS sor,VR,"Sugár az egységre + RAVASZ, majd a feladat gyűrűjére + RAVASZ · MARKOLATGOMB: jelölés a táblán",,,packages/client/src/modules/
297,10.COMMAND-A.roundB.hint.desktop,1 FELADAT,10 COMMAND,A,roundB,IRÁNYÍTÁS sor,asztali,"Kattints az egységre, majd a feladat gyűrűjére · jobb kattintás: jelölés a táblán",,,packages/client/src/modules/
298,10.COMMAND-A.roundB.hint.mobile,1 FELADAT,10 COMMAND,A,roundB,IRÁNYÍTÁS sor,mobil,"Koppints az egységre, majd a feladat gyűrűjére · JELÖLÉS gomb: jelölés a táblán",,,packages/client/src/modules/
299,10.COMMAND-B.roundA.cim,1 FELADAT,10 COMMAND,B,roundA,blokk címe,mind,1. KÖR — VEZETŐ NÉLKÜL,,,packages/client/src/modules/
300,10.COMMAND-B.roundA.instruction.vr,1 FELADAT,10 COMMAND,B,roundA,instrukció,VR,"Egy térbeli szerkezet lebeg köztetek, színes blokkokból. A blokkok TAKARJÁK EGYMÁST, ezért mindenki mást lát a saját helyéről — és senki nem látja az összeset. Fordulj, nézd meg, amit onnan látsz, és beszéljétek meg, hány blokk van minden színből. A számokat a táblán állítjátok be. Vigyázzatok: amit ketten láttok, azt csak egyszer szabad számolni.",,,packages/client/src/modules/
301,10.COMMAND-B.roundA.instruction.desktop,1 FELADAT,10 COMMAND,B,roundA,instrukció,asztali,"Egy térbeli szerkezet lebeg köztetek, színes blokkokból. A blokkok TAKARJÁK EGYMÁST, ezért mindenki mást lát a saját helyéről — és senki nem látja az összeset. A te nézőpontod rögzített: nézd meg, amit onnan látsz, és beszéljétek meg, hány blokk van minden színből. A számokat a táblán állítjátok be, kattintással. Vigyázzatok: amit ketten láttok, azt csak egyszer szabad számolni.",,,packages/client/src/modules/
302,10.COMMAND-B.roundA.hint.vr,1 FELADAT,10 COMMAND,B,roundA,IRÁNYÍTÁS sor,VR,"Fordulj, és nézd meg a szerkezetet, amerre csak látod · a számokat a táblán állítod, sugár + RAVASZ",,,packages/client/src/modules/
303,10.COMMAND-B.roundA.hint.desktop,1 FELADAT,10 COMMAND,B,roundA,IRÁNYÍTÁS sor,asztali,"A nézőpontod rögzített — ez a lényeg · a számokat a táblán állítod, kattintással",,,packages/client/src/modules/
304,10.COMMAND-B.roundB.cim,1 FELADAT,10 COMMAND,B,roundB,blokk címe,mind,2. KÖR — KIJELÖLT PARANCSNOK,,,packages/client/src/modules/
305,10.COMMAND-B.roundB.instruction,1 FELADAT,10 COMMAND,B,roundB,instrukció,mind,"Új szerkezet, és most kijelölt parancsnok vezeti a leltárt: a többiek jelentik, amit látnak, ő állítja be a számokat. A nézőpontok is változtak — amit az előbb láttál, most lehet, hogy takarásban van.",,,packages/client/src/modules/
306,10.COMMAND-B.roundB.hint.vr,1 FELADAT,10 COMMAND,B,roundB,IRÁNYÍTÁS sor,VR,"Fordulj, és nézd meg a szerkezetet, amerre csak látod · a számokat a táblán állítod, sugár + RAVASZ",,,packages/client/src/modules/
307,10.COMMAND-B.roundB.hint.desktop,1 FELADAT,10 COMMAND,B,roundB,IRÁNYÍTÁS sor,asztali,"A nézőpontod rögzített — ez a lényeg · a számokat a táblán állítod, kattintással",,,packages/client/src/modules/
308,11.ANTICIPATE-A.visible.cim,1 FELADAT,11 ANTICIPATE,A,visible,blokk címe,mind,LÁTHATÓ PÁLYA,,,packages/client/src/modules/
309,11.ANTICIPATE-A.visible.instruction.vr,1 FELADAT,11 ANTICIPATE,A,visible,instrukció,VR,"Egy gömb indul el egy sínen, egy fehér cél felé. Húzd meg a ravaszt PONTOSAN abban a pillanatban, amikor a gömb elérné a célt. Ez nem gyorsasági feladat: nem gyorsnak kell lenned, hanem pontosnak, ezért nyugodtan indulhat előbb a mozdulatod.",,,packages/client/src/modules/
310,11.ANTICIPATE-A.visible.instruction.desktop,1 FELADAT,11 ANTICIPATE,A,visible,instrukció,asztali,"Egy gömb indul el egy sínen, egy fehér cél felé. Nyomd meg a SZÓKÖZT (vagy kattints) PONTOSAN abban a pillanatban, amikor a gömb elérné a célt. Ez nem gyorsasági feladat: nem gyorsnak kell lenned, hanem pontosnak, ezért nyugodtan indulhat előbb a mozdulatod.",,,packages/client/src/modules/
311,11.ANTICIPATE-A.visible.instruction.mobile,1 FELADAT,11 ANTICIPATE,A,visible,instrukció,mobil,"Egy gömb indul el egy sínen, egy fehér cél felé. Nyomd meg a képernyő alján a MOST gombot PONTOSAN abban a pillanatban, amikor a gömb elérné a célt. Ez nem gyorsasági feladat: nem gyorsnak kell lenned, hanem pontosnak.",,,packages/client/src/modules/
312,11.ANTICIPATE-A.visible.hint.vr,1 FELADAT,11 ANTICIPATE,A,visible,IRÁNYÍTÁS sor,VR,"RAVASZ pontosan akkor, amikor a gömb elérné a fehér célt. Nem gyorsnak kell lenned — pontosnak.",,,packages/client/src/modules/
313,11.ANTICIPATE-A.visible.hint.desktop,1 FELADAT,11 ANTICIPATE,A,visible,IRÁNYÍTÁS sor,asztali,"SZÓKÖZ vagy kattintás pontosan akkor, amikor a gömb elérné a fehér célt. Nem gyorsnak kell lenned — pontosnak.",,,packages/client/src/modules/
314,11.ANTICIPATE-A.visible.hint.mobile,1 FELADAT,11 ANTICIPATE,A,visible,IRÁNYÍTÁS sor,mobil,"MOST gomb pontosan akkor, amikor a gömb elérné a fehér célt. Nem gyorsnak kell lenned — pontosnak.",,,packages/client/src/modules/
315,11.ANTICIPATE-A.short.cim,1 FELADAT,11 ANTICIPATE,A,short,blokk címe,mind,RÖVID TAKARÁS,,,packages/client/src/modules/
316,11.ANTICIPATE-A.short.instruction,1 FELADAT,11 ANTICIPATE,A,short,instrukció,mind,"Ugyanaz a feladat, de a gömb az út utolsó harmadában ELTŰNIK. Neked kell fejben továbbvinned, és ugyanúgy jelezned, amikor odaérne a célhoz.",,,packages/client/src/modules/
317,11.ANTICIPATE-A.short.hint.vr,1 FELADAT,11 ANTICIPATE,A,short,IRÁNYÍTÁS sor,VR,"RAVASZ pontosan akkor, amikor a gömb elérné a fehér célt. Nem gyorsnak kell lenned — pontosnak.",,,packages/client/src/modules/
318,11.ANTICIPATE-A.short.hint.desktop,1 FELADAT,11 ANTICIPATE,A,short,IRÁNYÍTÁS sor,asztali,"SZÓKÖZ vagy kattintás pontosan akkor, amikor a gömb elérné a fehér célt. Nem gyorsnak kell lenned — pontosnak.",,,packages/client/src/modules/
319,11.ANTICIPATE-A.short.hint.mobile,1 FELADAT,11 ANTICIPATE,A,short,IRÁNYÍTÁS sor,mobil,"MOST gomb pontosan akkor, amikor a gömb elérné a fehér célt. Nem gyorsnak kell lenned — pontosnak.",,,packages/client/src/modules/
320,11.ANTICIPATE-A.long.cim,1 FELADAT,11 ANTICIPATE,A,long,blokk címe,mind,HOSSZÚ TAKARÁS,,,packages/client/src/modules/
321,11.ANTICIPATE-A.long.instruction,1 FELADAT,11 ANTICIPATE,A,long,instrukció,mind,Most a gömb már az út közepe előtt eltűnik: az út utolsó 60%-át vakon kell megbecsülnöd. Ez nehéz — az ingadozás természetes.,,,packages/client/src/modules/
322,11.ANTICIPATE-A.long.hint.vr,1 FELADAT,11 ANTICIPATE,A,long,IRÁNYÍTÁS sor,VR,"RAVASZ pontosan akkor, amikor a gömb elérné a fehér célt. Nem gyorsnak kell lenned — pontosnak.",,,packages/client/src/modules/
323,11.ANTICIPATE-A.long.hint.desktop,1 FELADAT,11 ANTICIPATE,A,long,IRÁNYÍTÁS sor,asztali,"SZÓKÖZ vagy kattintás pontosan akkor, amikor a gömb elérné a fehér célt. Nem gyorsnak kell lenned — pontosnak.",,,packages/client/src/modules/
324,11.ANTICIPATE-A.long.hint.mobile,1 FELADAT,11 ANTICIPATE,A,long,IRÁNYÍTÁS sor,mobil,"MOST gomb pontosan akkor, amikor a gömb elérné a fehér célt. Nem gyorsnak kell lenned — pontosnak.",,,packages/client/src/modules/
325,11.ANTICIPATE-A.speed.cim,1 FELADAT,11 ANTICIPATE,A,speed,blokk címe,mind,SEBESSÉG,,,packages/client/src/modules/
326,11.ANTICIPATE-A.speed.instruction,1 FELADAT,11 ANTICIPATE,A,speed,instrukció,mind,"A gömb hol gyorsan, hol lassan indul. Figyeld meg a sebességét, mielőtt eltűnik, és ehhez igazítsd a becslést — ugyanaz az időzítés nem lesz jó minden sebességnél.",,,packages/client/src/modules/
327,11.ANTICIPATE-A.speed.hint.vr,1 FELADAT,11 ANTICIPATE,A,speed,IRÁNYÍTÁS sor,VR,"RAVASZ pontosan akkor, amikor a gömb elérné a fehér célt. Nem gyorsnak kell lenned — pontosnak.",,,packages/client/src/modules/
328,11.ANTICIPATE-A.speed.hint.desktop,1 FELADAT,11 ANTICIPATE,A,speed,IRÁNYÍTÁS sor,asztali,"SZÓKÖZ vagy kattintás pontosan akkor, amikor a gömb elérné a fehér célt. Nem gyorsnak kell lenned — pontosnak.",,,packages/client/src/modules/
329,11.ANTICIPATE-A.speed.hint.mobile,1 FELADAT,11 ANTICIPATE,A,speed,IRÁNYÍTÁS sor,mobil,"MOST gomb pontosan akkor, amikor a gömb elérné a fehér célt. Nem gyorsnak kell lenned — pontosnak.",,,packages/client/src/modules/
330,11.ANTICIPATE-A.change.cim,1 FELADAT,11 ANTICIPATE,A,change,blokk címe,mind,VÁLTOZÓ SEBESSÉG,,,packages/client/src/modules/
331,11.ANTICIPATE-A.change.instruction,1 FELADAT,11 ANTICIPATE,A,change,instrukció,mind,"Az utolsó rész. Itt a gömb a takarás alatt meg is változtathatja a sebességét — gyorsulhat vagy lassulhat, és ezt nem látod. Időzíts úgy, ahogy a legjobbnak érzed.",,,packages/client/src/modules/
332,11.ANTICIPATE-A.change.hint.vr,1 FELADAT,11 ANTICIPATE,A,change,IRÁNYÍTÁS sor,VR,"RAVASZ pontosan akkor, amikor a gömb elérné a fehér célt. Nem gyorsnak kell lenned — pontosnak.",,,packages/client/src/modules/
333,11.ANTICIPATE-A.change.hint.desktop,1 FELADAT,11 ANTICIPATE,A,change,IRÁNYÍTÁS sor,asztali,"SZÓKÖZ vagy kattintás pontosan akkor, amikor a gömb elérné a fehér célt. Nem gyorsnak kell lenned — pontosnak.",,,packages/client/src/modules/
334,11.ANTICIPATE-A.change.hint.mobile,1 FELADAT,11 ANTICIPATE,A,change,IRÁNYÍTÁS sor,mobil,"MOST gomb pontosan akkor, amikor a gömb elérné a fehér célt. Nem gyorsnak kell lenned — pontosnak.",,,packages/client/src/modules/
335,11.ANTICIPATE-B.approach.cim,1 FELADAT,11 ANTICIPATE,B,approach,blokk címe,mind,KÖZELEDÉS,,,packages/client/src/modules/
336,11.ANTICIPATE-B.approach.instruction.vr,1 FELADAT,11 ANTICIPATE,B,approach,instrukció,VR,"Egy gömb indul feléd a távolból — nem oldalra mozog, hanem RÁD jön. Húzd meg a ravaszt pontosan abban a pillanatban, amikor elérné a fejedet. Azt, hogy mikor ér ide, a tágulásából tudod megítélni. Nem gyorsnak kell lenned, hanem pontosnak.",,,packages/client/src/modules/
337,11.ANTICIPATE-B.approach.instruction.desktop,1 FELADAT,11 ANTICIPATE,B,approach,instrukció,asztali,"Egy gömb indul feléd a távolból — nem oldalra mozog, hanem RÁD jön. Nyomd meg a SZÓKÖZT (vagy kattints) pontosan abban a pillanatban, amikor elérne. Azt, hogy mikor ér ide, a tágulásából tudod megítélni. Nem gyorsnak kell lenned, hanem pontosnak.",,,packages/client/src/modules/
338,11.ANTICIPATE-B.approach.hint.vr,1 FELADAT,11 ANTICIPATE,B,approach,IRÁNYÍTÁS sor,VR,"RAVASZ pontosan akkor, amikor a gömb elérné a fejedet. Nem gyorsnak kell lenned — pontosnak.",,,packages/client/src/modules/
339,11.ANTICIPATE-B.approach.hint.desktop,1 FELADAT,11 ANTICIPATE,B,approach,IRÁNYÍTÁS sor,asztali,"SZÓKÖZ vagy kattintás pontosan akkor, amikor a gömb elérne. Nem gyorsnak kell lenned — pontosnak.",,,packages/client/src/modules/
340,11.ANTICIPATE-B.occluded.cim,1 FELADAT,11 ANTICIPATE,B,occluded,blokk címe,mind,TAKART KÖZELEDÉS,,,packages/client/src/modules/
341,11.ANTICIPATE-B.occluded.instruction,1 FELADAT,11 ANTICIPATE,B,occluded,instrukció,mind,"Ugyanaz, de a gömb az út utolsó szakaszán eltűnik. Neked kell fejben továbbvinned, és ugyanúgy jelezned, amikor ideérne. Két különböző takarási hossz lesz.",,,packages/client/src/modules/
342,11.ANTICIPATE-B.occluded.hint.vr,1 FELADAT,11 ANTICIPATE,B,occluded,IRÁNYÍTÁS sor,VR,"RAVASZ pontosan akkor, amikor a gömb elérné a fejedet. Nem gyorsnak kell lenned — pontosnak.",,,packages/client/src/modules/
343,11.ANTICIPATE-B.occluded.hint.desktop,1 FELADAT,11 ANTICIPATE,B,occluded,IRÁNYÍTÁS sor,asztali,"SZÓKÖZ vagy kattintás pontosan akkor, amikor a gömb elérne. Nem gyorsnak kell lenned — pontosnak.",,,packages/client/src/modules/
344,11.ANTICIPATE-B.size.cim,1 FELADAT,11 ANTICIPATE,B,size,blokk címe,mind,MÉRET,,,packages/client/src/modules/
345,11.ANTICIPATE-B.size.instruction,1 FELADAT,11 ANTICIPATE,B,size,instrukció,mind,"Most különböző MÉRETŰ gömbök jönnek. A méret nem árulja el, mikor érkeznek — ugyanúgy kell időzítened mindegyiknél. Vigyázz: a nagyobb könnyen tűnik közelebbinek, mint amilyen.",,,packages/client/src/modules/
346,11.ANTICIPATE-B.size.hint.vr,1 FELADAT,11 ANTICIPATE,B,size,IRÁNYÍTÁS sor,VR,"RAVASZ pontosan akkor, amikor a gömb elérné a fejedet. Nem gyorsnak kell lenned — pontosnak.",,,packages/client/src/modules/
347,11.ANTICIPATE-B.size.hint.desktop,1 FELADAT,11 ANTICIPATE,B,size,IRÁNYÍTÁS sor,asztali,"SZÓKÖZ vagy kattintás pontosan akkor, amikor a gömb elérne. Nem gyorsnak kell lenned — pontosnak.",,,packages/client/src/modules/
348,11.ANTICIPATE-B.angle.cim,1 FELADAT,11 ANTICIPATE,B,angle,blokk címe,mind,IRÁNY,,,packages/client/src/modules/
349,11.ANTICIPATE-B.angle.instruction.vr,1 FELADAT,11 ANTICIPATE,B,angle,instrukció,VR,"Az utolsó rész: a gömbök most nem szemből, hanem különböző irányokból érkeznek — hol oldalról, hol felülről. A feladat ugyanaz: húzd meg a ravaszt akkor, amikor a gömb elérné a fejedet.",,,packages/client/src/modules/
350,11.ANTICIPATE-B.angle.instruction.desktop,1 FELADAT,11 ANTICIPATE,B,angle,instrukció,asztali,"Az utolsó rész: a gömbök most nem szemből, hanem különböző irányokból érkeznek — hol oldalról, hol felülről. A feladat ugyanaz: SZÓKÖZ vagy kattintás akkor, amikor a gömb elérne.",,,packages/client/src/modules/
351,11.ANTICIPATE-B.angle.hint.vr,1 FELADAT,11 ANTICIPATE,B,angle,IRÁNYÍTÁS sor,VR,"RAVASZ pontosan akkor, amikor a gömb elérné a fejedet. Nem gyorsnak kell lenned — pontosnak.",,,packages/client/src/modules/
352,11.ANTICIPATE-B.angle.hint.desktop,1 FELADAT,11 ANTICIPATE,B,angle,IRÁNYÍTÁS sor,asztali,"SZÓKÖZ vagy kattintás pontosan akkor, amikor a gömb elérne. Nem gyorsnak kell lenned — pontosnak.",,,packages/client/src/modules/
353,12.FIELD.threshold.cim,1 FELADAT,12 FIELD,-,threshold,blokk címe,mind,MEZŐ,,,packages/client/src/modules/
354,12.FIELD.threshold.instruction.vr,1 FELADAT,12 FIELD,-,threshold,instrukció,VR,"Középen egy gyűrű lesz — VÉGIG AZT NÉZD, ne fordítsd el a fejed. A közepén egy pillanatra egy KOCKA vagy egy GÖMB jelenik meg: ezt mondd meg először (kocka → ravasz, gömb → markolatgomb). Ugyanabban a pillanatban oldalt is felvillan valami: utána a tárcsán mutasd meg, merre volt. A lényeg épp az, mennyit veszel észre odanézés nélkül.",,,packages/client/src/modules/
355,12.FIELD.threshold.instruction.desktop,1 FELADAT,12 FIELD,-,threshold,instrukció,asztali,"Középen egy gyűrű lesz — VÉGIG AZT NÉZD, ne vidd el a tekinteted. A közepén egy pillanatra egy KOCKA vagy egy GÖMB jelenik meg: ezt mondd meg először (kocka → SZÓKÖZ vagy bal kattintás, gömb → jobb kattintás). Ugyanabban a pillanatban oldalt is felvillan valami: utána a tárcsán kattints arra az irányra, ahol volt. A lényeg épp az, mennyit veszel észre odanézés nélkül.",,,packages/client/src/modules/
356,12.FIELD.threshold.instruction.mobile,1 FELADAT,12 FIELD,-,threshold,instrukció,mobil,"Középen egy gyűrű lesz — VÉGIG AZT NÉZD, ne vidd el a tekinteted. A közepén egy pillanatra egy KOCKA vagy egy GÖMB jelenik meg: ezt mondd meg először a képernyő alján a KOCKA vagy a GÖMB gombbal. Ugyanabban a pillanatban oldalt is felvillan valami: utána a képernyőn megjelenő körből koppintsd ki, merre volt. A lényeg épp az, mennyit veszel észre odanézés nélkül.",,,packages/client/src/modules/
357,12.FIELD.threshold.hint.vr,1 FELADAT,12 FIELD,-,threshold,IRÁNYÍTÁS sor,VR,KOCKA → RAVASZ · GÖMB → MARKOLATGOMB (grip) · majd a tárcsán az irány,,,packages/client/src/modules/
358,12.FIELD.threshold.hint.desktop,1 FELADAT,12 FIELD,-,threshold,IRÁNYÍTÁS sor,asztali,KOCKA → SZÓKÖZ vagy bal kattintás · GÖMB → jobb kattintás · majd a tárcsán az irány,,,packages/client/src/modules/
359,12.FIELD.threshold.hint.mobile,1 FELADAT,12 FIELD,-,threshold,IRÁNYÍTÁS sor,mobil,KOCKA / GÖMB gomb · majd a körben az irány,,,packages/client/src/modules/
360,12.FIELD.cluttered.cim,1 FELADAT,12 FIELD,-,cluttered,blokk címe,mind,ZSÚFOLT MEZŐ,,,packages/client/src/modules/
361,12.FIELD.cluttered.instruction,1 FELADAT,12 FIELD,-,cluttered,instrukció,mind,"Ugyanaz a feladat, de most sok hasonló gyűrű látszik körben, és a felvillanás ezek között történik. A középső alakzat továbbra is az első válasz.",,,packages/client/src/modules/
362,12.FIELD.cluttered.hint.vr,1 FELADAT,12 FIELD,-,cluttered,IRÁNYÍTÁS sor,VR,KOCKA → RAVASZ · GÖMB → MARKOLATGOMB (grip) · majd a tárcsán az irány,,,packages/client/src/modules/
363,12.FIELD.cluttered.hint.desktop,1 FELADAT,12 FIELD,-,cluttered,IRÁNYÍTÁS sor,asztali,KOCKA → SZÓKÖZ vagy bal kattintás · GÖMB → jobb kattintás · majd a tárcsán az irány,,,packages/client/src/modules/
364,12.FIELD.cluttered.hint.mobile,1 FELADAT,12 FIELD,-,cluttered,IRÁNYÍTÁS sor,mobil,KOCKA / GÖMB gomb · majd a körben az irány,,,packages/client/src/modules/
365,12.FIELD.depthfield.cim,1 FELADAT,12 FIELD,-,depthfield,blokk címe,mind,MÉLYSÉGI MEZŐ,,,packages/client/src/modules/
366,12.FIELD.depthfield.instruction,1 FELADAT,12 FIELD,-,depthfield,instrukció,mind,"Most a felvillanás hol ugyanolyan távol van, mint a gyűrű, hol jóval TÁVOLABB — ugyanakkorának látszik, csak messzebb van. A feladat és a válaszok ugyanazok.",,,packages/client/src/modules/
367,12.FIELD.depthfield.hint.vr,1 FELADAT,12 FIELD,-,depthfield,IRÁNYÍTÁS sor,VR,KOCKA → RAVASZ · GÖMB → MARKOLATGOMB (grip) · majd a tárcsán az irány,,,packages/client/src/modules/
368,12.FIELD.depthfield.hint.desktop,1 FELADAT,12 FIELD,-,depthfield,IRÁNYÍTÁS sor,asztali,KOCKA → SZÓKÖZ vagy bal kattintás · GÖMB → jobb kattintás · majd a tárcsán az irány,,,packages/client/src/modules/
369,12.FIELD.depthfield.hint.mobile,1 FELADAT,12 FIELD,-,depthfield,IRÁNYÍTÁS sor,mobil,KOCKA / GÖMB gomb · majd a körben az irány,,,packages/client/src/modules/
370,12.FIELD.dva.cim,1 FELADAT,12 FIELD,-,dva,blokk címe,mind,MOZGÓ CÉL,,,packages/client/src/modules/
371,12.FIELD.dva.instruction.vr,1 FELADAT,12 FIELD,-,dva,instrukció,VR,"Egy gyűrű repül feléd, és van rajta egy RÉS. Mondd meg, merre néz a rés: fent → ravasz, jobbra → jobb ravasz, lent → markolatgomb, balra → bal ravasz. Minél gyorsabban jön, annál nehezebb — addig gyorsítom, amíg meg nem találom a határodat.",,,packages/client/src/modules/
372,12.FIELD.dva.instruction.desktop,1 FELADAT,12 FIELD,-,dva,instrukció,asztali,"Egy gyűrű repül feléd, és van rajta egy RÉS. Mondd meg, merre néz a rés: fent → SZÓKÖZ, jobbra → J (vagy →), lent → jobb kattintás, balra → F (vagy ←). Minél gyorsabban jön, annál nehezebb — addig gyorsítom, amíg meg nem találom a határodat.",,,packages/client/src/modules/
373,12.FIELD.dva.instruction.mobile,1 FELADAT,12 FIELD,-,dva,instrukció,mobil,"Egy gyűrű repül feléd, és van rajta egy RÉS. Mondd meg, merre néz a rés: a képernyőn megjelenő körben koppints a FENT, JOBB, LENT vagy BAL gombra. Minél gyorsabban jön, annál nehezebb — addig gyorsítom, amíg meg nem találom a határodat.",,,packages/client/src/modules/
374,12.FIELD.dva.hint.vr,1 FELADAT,12 FIELD,-,dva,IRÁNYÍTÁS sor,VR,FENT → RAVASZ · JOBB → JOBB ravasz · LENT → MARKOLATGOMB · BAL → BAL ravasz,,,packages/client/src/modules/
375,12.FIELD.dva.hint.desktop,1 FELADAT,12 FIELD,-,dva,IRÁNYÍTÁS sor,asztali,FENT → SZÓKÖZ · JOBB → J vagy → · LENT → jobb kattintás · BAL → F vagy ←,,,packages/client/src/modules/
376,12.FIELD.dva.hint.mobile,1 FELADAT,12 FIELD,-,dva,IRÁNYÍTÁS sor,mobil,A körben: FENT · JOBB · LENT · BAL,,,packages/client/src/modules/
377,13.STEADY.stance.cim,1 FELADAT,13 STEADY,-,stance,blokk címe,mind,NYITOTT SZEM,,,packages/client/src/modules/
378,13.STEADY.stance.instruction,1 FELADAT,13 STEADY,-,stance,instrukció,mind,"Csak állj, harminc másodpercig. Lábak vállszélességben, karok lazán a test mellett, és nézz előre a gyűrűre. Semmit nem kell megnyomnod: a headset azt méri, hogyan mozdul a fejed, miközben mozdulatlanul próbálsz állni.",,,packages/client/src/modules/
379,13.STEADY.stance.hint,1 FELADAT,13 STEADY,-,stance,IRÁNYÍTÁS sor,mind,RAVASZ: indítás · MENÜ: megszakítás,,,packages/client/src/modules/
380,13.STEADY.dark.cim,1 FELADAT,13 STEADY,-,dark,blokk címe,mind,ELSÖTÉTÍTVE,,,packages/client/src/modules/
381,13.STEADY.dark.instruction,1 FELADAT,13 STEADY,-,dark,instrukció,mind,"Most elsötétül a kijelző. Állj tovább ugyanígy, ne mozdulj. Ha bizonytalannak érzed magad, nyisd ki a szemed vagy fogódzz meg — a bal kontroller MENÜ gombjával bármikor kiléphetsz.",,,packages/client/src/modules/
382,13.STEADY.dark.hint,1 FELADAT,13 STEADY,-,dark,IRÁNYÍTÁS sor,mind,RAVASZ: indítás · MENÜ: megszakítás,,,packages/client/src/modules/
383,13.STEADY.sway.cim,1 FELADAT,13 STEADY,-,sway,blokk címe,mind,MOZGÓ TÉR,,,packages/client/src/modules/
384,13.STEADY.sway.instruction,1 FELADAT,13 STEADY,-,sway,instrukció,mind,"Körülötted egy pontokból álló tér lesz. Csak állj, és nézz előre. A tér időnként mozogni kezd körülötted — ne kövesd, ne dőlj vele: maradj ott, ahol vagy.",,,packages/client/src/modules/
385,13.STEADY.sway.hint,1 FELADAT,13 STEADY,-,sway,IRÁNYÍTÁS sor,mind,RAVASZ: indítás · MENÜ: megszakítás,,,packages/client/src/modules/
386,13.STEADY.oneleg.cim,1 FELADAT,13 STEADY,-,oneleg,blokk címe,mind,EGY LÁBON,,,packages/client/src/modules/
387,13.STEADY.oneleg.instruction,1 FELADAT,13 STEADY,-,oneleg,instrukció,mind,"Ehhez a részhez legalább másfél méter szabad hely kell körülötted, és jó, ha van valaki a közelben. Ha ez nincs meg, nyugodtan hagyd ki — a többi eredmény enélkül is érvényes. Ha vállalod: állj egy lábon, előbb az egyiken, aztán a másikon.",,,packages/client/src/modules/
388,13.STEADY.oneleg.hint,1 FELADAT,13 STEADY,-,oneleg,IRÁNYÍTÁS sor,mind,RAVASZ: indítás · MENÜ: megszakítás,,,packages/client/src/modules/
389,13.STEADY.hand.cim,1 FELADAT,13 STEADY,-,hand,blokk címe,mind,CÉLON TARTÁS,,,packages/client/src/modules/
390,13.STEADY.hand.instruction,1 FELADAT,13 STEADY,-,hand,instrukció,mind,"Nyújtsd ki a karod, és a kontrollerrel tartsd a gömböt a gyűrű közepén harminc másodpercig. A karodat ne támaszd meg semmihez. Előbb az egyik, aztán a másik kézzel.",,,packages/client/src/modules/
391,13.STEADY.hand.hint,1 FELADAT,13 STEADY,-,hand,IRÁNYÍTÁS sor,mind,RAVASZ: indítás · MENÜ: megszakítás,,,packages/client/src/modules/
392,14.RHYTHM.tone.cim,1 FELADAT,14 RHYTHM,-,tone,blokk címe,mind,HANGRA,,,packages/client/src/modules/
393,14.RHYTHM.tone.instruction.vr,1 FELADAT,14 RHYTHM,-,tone,instrukció,VR,"Egyenletes ütemet fogsz hallani. Húzd meg a ravaszt MINDEN ütemre, pontosan akkor, amikor megszólal. Egy idő után a hang elhallgat — te viszont ugyanabban a tempóban húzd tovább, amíg meg nem állítalak.",,,packages/client/src/modules/
394,14.RHYTHM.tone.instruction.desktop,1 FELADAT,14 RHYTHM,-,tone,instrukció,asztali,"Egyenletes ütemet fogsz hallani. Nyomd meg a SZÓKÖZT MINDEN ütemre, pontosan akkor, amikor megszólal. Egy idő után a hang elhallgat — te viszont ugyanabban a tempóban nyomd tovább, amíg meg nem állítalak.",,,packages/client/src/modules/
395,14.RHYTHM.tone.instruction.mobile,1 FELADAT,14 RHYTHM,-,tone,instrukció,mobil,"Egyenletes ütemet fogsz hallani. Koppints a képernyőre MINDEN ütemre, pontosan akkor, amikor megszólal. Egy idő után a hang elhallgat — te viszont ugyanabban a tempóban koppints tovább, amíg meg nem állítalak.",,,packages/client/src/modules/
396,14.RHYTHM.tone.hint.vr,1 FELADAT,14 RHYTHM,-,tone,IRÁNYÍTÁS sor,VR,"RAVASZ minden ütemre · két kéznél: BAL ravasz → közelebbi, JOBB ravasz → távolabbi",,,packages/client/src/modules/
397,14.RHYTHM.tone.hint.desktop,1 FELADAT,14 RHYTHM,-,tone,IRÁNYÍTÁS sor,asztali,"SZÓKÖZ minden ütemre · két kéznél: F → bal gömb, J → jobb gömb",,,packages/client/src/modules/
398,14.RHYTHM.tone.hint.mobile,1 FELADAT,14 RHYTHM,-,tone,IRÁNYÍTÁS sor,mobil,"Koppints minden ütemre · két kéznél: bal képernyőfél → bal gömb, jobb fél → jobb gömb",,,packages/client/src/modules/
399,14.RHYTHM.visual.cim,1 FELADAT,14 RHYTHM,-,visual,blokk címe,mind,LÁTVÁNYRA,,,packages/client/src/modules/
400,14.RHYTHM.visual.instruction.vr,1 FELADAT,14 RHYTHM,-,visual,instrukció,VR,"Most nincs hang: az ütemet LÁTNI fogod. Egy gömb érkezik a gyűrűhöz — húzd meg a ravaszt akkor, amikor a gömb pontosan a gyűrűben van. Hol csak felvillan, hol áthalad, hol feléd jön, hol oldalt.",,,packages/client/src/modules/
401,14.RHYTHM.visual.instruction.desktop,1 FELADAT,14 RHYTHM,-,visual,instrukció,asztali,"Most nincs hang: az ütemet LÁTNI fogod. Egy gömb érkezik a gyűrűhöz — nyomd meg a SZÓKÖZT akkor, amikor a gömb pontosan a gyűrűben van. Hol csak felvillan, hol áthalad.",,,packages/client/src/modules/
402,14.RHYTHM.visual.instruction.mobile,1 FELADAT,14 RHYTHM,-,visual,instrukció,mobil,"Most nincs hang: az ütemet LÁTNI fogod. Egy gömb érkezik a gyűrűhöz — koppints akkor, amikor a gömb pontosan a gyűrűben van. Hol csak felvillan, hol áthalad.",,,packages/client/src/modules/
403,14.RHYTHM.visual.hint.vr,1 FELADAT,14 RHYTHM,-,visual,IRÁNYÍTÁS sor,VR,"RAVASZ minden ütemre · két kéznél: BAL ravasz → közelebbi, JOBB ravasz → távolabbi",,,packages/client/src/modules/
404,14.RHYTHM.visual.hint.desktop,1 FELADAT,14 RHYTHM,-,visual,IRÁNYÍTÁS sor,asztali,"SZÓKÖZ minden ütemre · két kéznél: F → bal gömb, J → jobb gömb",,,packages/client/src/modules/
405,14.RHYTHM.visual.hint.mobile,1 FELADAT,14 RHYTHM,-,visual,IRÁNYÍTÁS sor,mobil,"Koppints minden ütemre · két kéznél: bal képernyőfél → bal gömb, jobb fél → jobb gömb",,,packages/client/src/modules/
406,14.RHYTHM.tempo.cim,1 FELADAT,14 RHYTHM,-,tempo,blokk címe,mind,TEMPÓVÁLTÁS,,,packages/client/src/modules/
407,14.RHYTHM.tempo.instruction,1 FELADAT,14 RHYTHM,-,tempo,instrukció,mind,"Ugyanaz, hanggal — de a tempó menet közben, bejelentés nélkül megváltozik. Amint észreveszed, igazodj az új tempóhoz.",,,packages/client/src/modules/
408,14.RHYTHM.tempo.hint.vr,1 FELADAT,14 RHYTHM,-,tempo,IRÁNYÍTÁS sor,VR,"RAVASZ minden ütemre · két kéznél: BAL ravasz → közelebbi, JOBB ravasz → távolabbi",,,packages/client/src/modules/
409,14.RHYTHM.tempo.hint.desktop,1 FELADAT,14 RHYTHM,-,tempo,IRÁNYÍTÁS sor,asztali,"SZÓKÖZ minden ütemre · két kéznél: F → bal gömb, J → jobb gömb",,,packages/client/src/modules/
410,14.RHYTHM.tempo.hint.mobile,1 FELADAT,14 RHYTHM,-,tempo,IRÁNYÍTÁS sor,mobil,"Koppints minden ütemre · két kéznél: bal képernyőfél → bal gömb, jobb fél → jobb gömb",,,packages/client/src/modules/
411,14.RHYTHM.poly.cim,1 FELADAT,14 RHYTHM,-,poly,blokk címe,mind,KÉT KÉZ,,,packages/client/src/modules/
412,14.RHYTHM.poly.instruction.vr,1 FELADAT,14 RHYTHM,-,poly,instrukció,VR,"Két gömb kering, különböző sebességgel. A BAL kezed a KÖZELEBBI gömbhöz tartozik, a JOBB a TÁVOLABBIHOZ. Húzd meg a megfelelő ravaszt, amikor a gömb a saját gyűrűjébe ér — mindkét kézzel, ki-ki a sajátjára. Ez nehéz; nem baj, ha nem tökéletes.",,,packages/client/src/modules/
413,14.RHYTHM.poly.instruction.desktop,1 FELADAT,14 RHYTHM,-,poly,instrukció,asztali,"Két gömb kering, különböző sebességgel. A BAL gömbhöz az F billentyű tartozik, a JOBBHOZ a J. Nyomd meg a megfelelőt, amikor a gömb a saját gyűrűjébe ér — mindkét kézzel, ki-ki a sajátjára. Ez nehéz; nem baj, ha nem tökéletes.",,,packages/client/src/modules/
414,14.RHYTHM.poly.instruction.mobile,1 FELADAT,14 RHYTHM,-,poly,instrukció,mobil,"Két gömb kering, különböző sebességgel. A BAL gömbhöz a képernyő bal fele tartozik, a JOBBHOZ a jobb fele. Koppints a megfelelő oldalon, amikor a gömb a saját gyűrűjébe ér — mindkét hüvelykkel, ki-ki a sajátjára. Ez nehéz; nem baj, ha nem tökéletes.",,,packages/client/src/modules/
415,14.RHYTHM.poly.hint.vr,1 FELADAT,14 RHYTHM,-,poly,IRÁNYÍTÁS sor,VR,"RAVASZ minden ütemre · két kéznél: BAL ravasz → közelebbi, JOBB ravasz → távolabbi",,,packages/client/src/modules/
416,14.RHYTHM.poly.hint.desktop,1 FELADAT,14 RHYTHM,-,poly,IRÁNYÍTÁS sor,asztali,"SZÓKÖZ minden ütemre · két kéznél: F → bal gömb, J → jobb gömb",,,packages/client/src/modules/
417,14.RHYTHM.poly.hint.mobile,1 FELADAT,14 RHYTHM,-,poly,IRÁNYÍTÁS sor,mobil,"Koppints minden ütemre · két kéznél: bal képernyőfél → bal gömb, jobb fél → jobb gömb",,,packages/client/src/modules/
418,15.ADAPT.baseline.cim,1 FELADAT,15 ADAPT,-,baseline,blokk címe,mind,ALAPVONAL,,,packages/client/src/modules/
419,15.ADAPT.baseline.instruction.vr,1 FELADAT,15 ADAPT,-,baseline,instrukció,VR,"A kezed helyén egy pontot fogsz látni — A KEZEDET MAGÁT NEM LÁTOD. Nyúlj a kontrollerrel a célgömbhöz egy gyors, egyenes mozdulattal, hogy a pont odaérjen. Ne javítgasd útközben: célozz, és mozdulj. Minden próba után térj vissza a kiindulópontra.",,,packages/client/src/modules/
420,15.ADAPT.baseline.instruction.desktop,1 FELADAT,15 ADAPT,-,baseline,instrukció,asztali,"Az egérkurzor helyén egy pontot fogsz látni. Vidd a pontot a középső kiindulópontból a célgömbhöz egy gyors, egyenes egérmozdulattal. Ne javítgasd útközben: célozz, és mozdulj. Minden próba után térj vissza a kiindulópontra.",,,packages/client/src/modules/
421,15.ADAPT.baseline.instruction.mobile,1 FELADAT,15 ADAPT,-,baseline,instrukció,mobil,"Az ujjad alatt egy pontot fogsz látni. Húzd az ujjad a középső kiindulópontból a célgömbhöz egy gyors, egyenes, határozott mozdulattal. Ne javítgasd útközben: célozz, és mozdulj. Minden próba után térj vissza a kiindulópontra.",,,packages/client/src/modules/
422,15.ADAPT.baseline.hint.vr,1 FELADAT,15 ADAPT,-,baseline,IRÁNYÍTÁS sor,VR,"Nyúlj a célgömbhöz a kontrollerrel — a kezedet nem látod, csak a pontot.",,,packages/client/src/modules/
423,15.ADAPT.baseline.hint.desktop,1 FELADAT,15 ADAPT,-,baseline,IRÁNYÍTÁS sor,asztali,"Vidd az egeret a kiindulópontból a célgömbhöz — a pont nem pontosan ott lesz, ahol az egér.",,,packages/client/src/modules/
424,15.ADAPT.baseline.hint.mobile,1 FELADAT,15 ADAPT,-,baseline,IRÁNYÍTÁS sor,mobil,Húzd az ujjad a kiindulópontból a célgömbhöz — egy határozott mozdulattal.,,,packages/client/src/modules/
425,15.ADAPT.adaptation.cim,1 FELADAT,15 ADAPT,-,adaptation,blokk címe,mind,FOLYTASD,,,packages/client/src/modules/
426,15.ADAPT.adaptation.instruction,1 FELADAT,15 ADAPT,-,adaptation,instrukció,mind,Folytasd ugyanígy. Ugyanaz a feladat.,,,packages/client/src/modules/
427,15.ADAPT.adaptation.hint.vr,1 FELADAT,15 ADAPT,-,adaptation,IRÁNYÍTÁS sor,VR,"Nyúlj a célgömbhöz a kontrollerrel — a kezedet nem látod, csak a pontot.",,,packages/client/src/modules/
428,15.ADAPT.adaptation.hint.desktop,1 FELADAT,15 ADAPT,-,adaptation,IRÁNYÍTÁS sor,asztali,"Vidd az egeret a kiindulópontból a célgömbhöz — a pont nem pontosan ott lesz, ahol az egér.",,,packages/client/src/modules/
429,15.ADAPT.adaptation.hint.mobile,1 FELADAT,15 ADAPT,-,adaptation,IRÁNYÍTÁS sor,mobil,Húzd az ujjad a kiindulópontból a célgömbhöz — egy határozott mozdulattal.,,,packages/client/src/modules/
430,15.ADAPT.probe.cim,1 FELADAT,15 ADAPT,-,probe,blokk címe,mind,PRÓBAPONTOK,,,packages/client/src/modules/
431,15.ADAPT.probe.instruction,1 FELADAT,15 ADAPT,-,probe,instrukció,mind,"A következő néhány próbában nem fogod látni, hova ért a pont. Csak célozz ugyanúgy, ahogy eddig.",,,packages/client/src/modules/
432,15.ADAPT.probe.hint.vr,1 FELADAT,15 ADAPT,-,probe,IRÁNYÍTÁS sor,VR,"Nyúlj a célgömbhöz a kontrollerrel — a kezedet nem látod, csak a pontot.",,,packages/client/src/modules/
433,15.ADAPT.probe.hint.desktop,1 FELADAT,15 ADAPT,-,probe,IRÁNYÍTÁS sor,asztali,"Vidd az egeret a kiindulópontból a célgömbhöz — a pont nem pontosan ott lesz, ahol az egér.",,,packages/client/src/modules/
434,15.ADAPT.probe.hint.mobile,1 FELADAT,15 ADAPT,-,probe,IRÁNYÍTÁS sor,mobil,Húzd az ujjad a kiindulópontból a célgömbhöz — egy határozott mozdulattal.,,,packages/client/src/modules/
435,15.ADAPT.washout.cim,1 FELADAT,15 ADAPT,-,washout,blokk címe,mind,TOVÁBB,,,packages/client/src/modules/
436,15.ADAPT.washout.instruction,1 FELADAT,15 ADAPT,-,washout,instrukció,mind,Folytasd ugyanígy.,,,packages/client/src/modules/
437,15.ADAPT.washout.hint.vr,1 FELADAT,15 ADAPT,-,washout,IRÁNYÍTÁS sor,VR,"Nyúlj a célgömbhöz a kontrollerrel — a kezedet nem látod, csak a pontot.",,,packages/client/src/modules/
438,15.ADAPT.washout.hint.desktop,1 FELADAT,15 ADAPT,-,washout,IRÁNYÍTÁS sor,asztali,"Vidd az egeret a kiindulópontból a célgömbhöz — a pont nem pontosan ott lesz, ahol az egér.",,,packages/client/src/modules/
439,15.ADAPT.washout.hint.mobile,1 FELADAT,15 ADAPT,-,washout,IRÁNYÍTÁS sor,mobil,Húzd az ujjad a kiindulópontból a célgömbhöz — egy határozott mozdulattal.,,,packages/client/src/modules/
440,15.ADAPT.relearn.cim,1 FELADAT,15 ADAPT,-,relearn,blokk címe,mind,MÉG EGYSZER,,,packages/client/src/modules/
441,15.ADAPT.relearn.instruction,1 FELADAT,15 ADAPT,-,relearn,instrukció,mind,Még egy sorozat. Ugyanaz a feladat.,,,packages/client/src/modules/
442,15.ADAPT.relearn.hint.vr,1 FELADAT,15 ADAPT,-,relearn,IRÁNYÍTÁS sor,VR,"Nyúlj a célgömbhöz a kontrollerrel — a kezedet nem látod, csak a pontot.",,,packages/client/src/modules/
443,15.ADAPT.relearn.hint.desktop,1 FELADAT,15 ADAPT,-,relearn,IRÁNYÍTÁS sor,asztali,"Vidd az egeret a kiindulópontból a célgömbhöz — a pont nem pontosan ott lesz, ahol az egér.",,,packages/client/src/modules/
444,15.ADAPT.relearn.hint.mobile,1 FELADAT,15 ADAPT,-,relearn,IRÁNYÍTÁS sor,mobil,Húzd az ujjad a kiindulópontból a célgömbhöz — egy határozott mozdulattal.,,,packages/client/src/modules/
445,16.HANDS.pegs.cim,1 FELADAT,16 HANDS,-,pegs,blokk címe,mind,PÁLCIKÁK,,,packages/client/src/modules/
446,16.HANDS.pegs.instruction,1 FELADAT,16 HANDS,-,pegs,instrukció,mind,"Előtted egy döntött tábla: két oldalán tálcák pálcikákkal, középen furatok. Vedd fel a pálcikát a tálcáról — nyúlj oda a kontrollerrel, és tartsd lenyomva a ravaszt —, vidd a kivilágított furat fölé, és ott engedd el a ravaszt. Előbb az egyik kezeddel, aztán a másikkal, végül mindkettővel egyszerre. Ne siess jobban, mint amennyire pontos tudsz maradni.",,,packages/client/src/modules/
447,16.HANDS.pegs.hint,1 FELADAT,16 HANDS,-,pegs,IRÁNYÍTÁS sor,mind,RAVASZ lenyomva: fogás · engedd el a furat (vagy a tengely) fölött,,,packages/client/src/modules/
448,16.HANDS.grooved.cim,1 FELADAT,16 HANDS,-,grooved,blokk címe,mind,KULCSOS PÁLCIKÁK,,,packages/client/src/modules/
449,16.HANDS.grooved.instruction,1 FELADAT,16 HANDS,-,grooved,instrukció,mind,"Ugyanez, de a pálcika oldalán bordázat van, a furatban pedig horony. Forgasd el a csuklóddal úgy, hogy a bordázat a horonyba illeszkedjen — másképp nem fér be.",,,packages/client/src/modules/
450,16.HANDS.grooved.hint,1 FELADAT,16 HANDS,-,grooved,IRÁNYÍTÁS sor,mind,RAVASZ lenyomva: fogás · engedd el a furat (vagy a tengely) fölött,,,packages/client/src/modules/
451,16.HANDS.wire.cim,1 FELADAT,16 HANDS,-,wire,blokk címe,mind,PÁLYA,,,packages/client/src/modules/
452,16.HANDS.wire.instruction,1 FELADAT,16 HANDS,-,wire,instrukció,mind,"Egy hajlított drót lebeg előtted, a bal végén egy gyűrűvel. Fogd meg a gyűrűt (ravasz lenyomva), és vidd végig a dróton a jobb végéig úgy, hogy a gyűrű ne érjen a dróthoz. Ha hozzáér, hangot ad — nem kell újrakezdened, csak menj tovább.",,,packages/client/src/modules/
453,16.HANDS.wire.hint,1 FELADAT,16 HANDS,-,wire,IRÁNYÍTÁS sor,mind,RAVASZ lenyomva: fogás · engedd el a furat (vagy a tengely) fölött,,,packages/client/src/modules/
454,16.HANDS.assembly.cim,1 FELADAT,16 HANDS,-,assembly,blokk címe,mind,ÖSSZESZERELÉS,,,packages/client/src/modules/
455,16.HANDS.assembly.instruction,1 FELADAT,16 HANDS,-,assembly,instrukció,mind,"Négy alkatrészt kell egymásra tenned a középső tengelyen: tengely, alátét, gallér, alátét — ebben a sorrendben, mindig váltott kézzel (tengely jobb, alátét bal, gallér jobb, alátét bal). A két kezed párhuzamosan dolgozhat: amíg az egyik letesz, a másik már veheti a következőt.",,,packages/client/src/modules/
456,16.HANDS.assembly.hint,1 FELADAT,16 HANDS,-,assembly,IRÁNYÍTÁS sor,mind,RAVASZ lenyomva: fogás · engedd el a furat (vagy a tengely) fölött,,,packages/client/src/modules/
457,17.RISK.bart_size.cim,1 FELADAT,17 RISK,-,bart_size,blokk címe,mind,LÉGGÖMB,,,packages/client/src/modules/
458,17.RISK.bart_size.instruction.vr,1 FELADAT,17 RISK,-,bart_size,instrukció,VR,"Előtted egy léggömb és két cél: PUMPA és BEVÁLTÁS. Minden pumpálás 5 pontot tesz a tétre, de a léggömb bármikor kidurranhat — akkor az addigi tét elvész. A pumpáláshoz mutass a PUMPA célra a sugárral, és húzd meg a ravaszt; a beváltáshoz ugyanígy a BEVÁLTÁS célra, és a tét a bankba kerül. Nem mondjuk meg, mikor durran ki, és nincs „helyes” megállási pont.",,,packages/client/src/modules/
459,17.RISK.bart_size.instruction.desktop,1 FELADAT,17 RISK,-,bart_size,instrukció,asztali,"Előtted egy léggömb és két cél: PUMPA és BEVÁLTÁS. Minden pumpálás 5 pontot tesz a tétre, de a léggömb bármikor kidurranhat — akkor az addigi tét elvész. Pumpáláshoz kattints a PUMPA célra, beváltáshoz a BEVÁLTÁS célra, és a tét a bankba kerül. Nem mondjuk meg, mikor durran ki, és nincs „helyes” megállási pont.",,,packages/client/src/modules/
460,17.RISK.bart_size.instruction.mobile,1 FELADAT,17 RISK,-,bart_size,instrukció,mobil,"Előtted egy léggömb. Minden pumpálás 5 pontot tesz a tétre, de a léggömb bármikor kidurranhat — akkor az addigi tét elvész. A képernyő alján a PUMPA gombbal pumpálsz, a BEVÁLTÁS gombbal a tét a bankba kerül. Nem mondjuk meg, mikor durran ki, és nincs „helyes” megállási pont.",,,packages/client/src/modules/
461,17.RISK.bart_size.hint.vr,1 FELADAT,17 RISK,-,bart_size,IRÁNYÍTÁS sor,VR,Sugár a PUMPA vagy a BEVÁLTÁS célra + RAVASZ · a pakliknál sugár a paklira + RAVASZ,,,packages/client/src/modules/
462,17.RISK.bart_size.hint.desktop,1 FELADAT,17 RISK,-,bart_size,IRÁNYÍTÁS sor,asztali,Kattints a PUMPA vagy a BEVÁLTÁS célra · a pakliknál a paklira,,,packages/client/src/modules/
463,17.RISK.bart_size.hint.mobile,1 FELADAT,17 RISK,-,bart_size,IRÁNYÍTÁS sor,mobil,PUMPA / BEVÁLTÁS gomb · a pakliknál az 1 · 2 · 3 · 4 gomb,,,packages/client/src/modules/
464,17.RISK.bart_approach.cim,1 FELADAT,17 RISK,-,bart_approach,blokk címe,mind,KÖZELEDŐ LÉGGÖMB,,,packages/client/src/modules/
465,17.RISK.bart_approach.instruction,1 FELADAT,17 RISK,-,bart_approach,instrukció,mind,"Ugyanaz a játék, ugyanazokkal az esélyekkel és ugyanazokkal a célokkal — de most a léggömb nem nő, hanem KÖZELEDIK. Akkora marad, amekkorának látod; csak egyre közelebb kerül hozzád.",,,packages/client/src/modules/
466,17.RISK.bart_approach.hint,1 FELADAT,17 RISK,-,bart_approach,IRÁNYÍTÁS sor,mind,Sugár a PUMPA vagy a BEVÁLTÁS célra + RAVASZ · a pakliknál sugár a paklira + RAVASZ,,,packages/client/src/modules/
467,17.RISK.cards.cim,1 FELADAT,17 RISK,-,cards,blokk címe,mind,PAKLIK,,,packages/client/src/modules/
468,17.RISK.cards.instruction.vr,1 FELADAT,17 RISK,-,cards,instrukció,VR,"Négy pakli van előtted. Minden húzás pontot ad, és néha el is vesz. A paklik különböznek, de nem áruljuk el, miben — ki kell tapasztalnod. Húzáshoz mutass a választott paklira a sugárral, és húzd meg a ravaszt. Válassz annyiszor, ahányszor kérjük.",,,packages/client/src/modules/
469,17.RISK.cards.instruction.desktop,1 FELADAT,17 RISK,-,cards,instrukció,asztali,"Négy pakli van előtted. Minden húzás pontot ad, és néha el is vesz. A paklik különböznek, de nem áruljuk el, miben — ki kell tapasztalnod. Húzáshoz kattints a választott paklira. Válassz annyiszor, ahányszor kérjük.",,,packages/client/src/modules/
470,17.RISK.cards.instruction.mobile,1 FELADAT,17 RISK,-,cards,instrukció,mobil,"Négy pakli van előtted, 1-től 4-ig számozva. Minden húzás pontot ad, és néha el is vesz. A paklik különböznek, de nem áruljuk el, miben — ki kell tapasztalnod. Húzáshoz nyomd meg a képernyő alján a pakli számát. Válassz annyiszor, ahányszor kérjük.",,,packages/client/src/modules/
471,17.RISK.cards.hint.vr,1 FELADAT,17 RISK,-,cards,IRÁNYÍTÁS sor,VR,Sugár a PUMPA vagy a BEVÁLTÁS célra + RAVASZ · a pakliknál sugár a paklira + RAVASZ,,,packages/client/src/modules/
472,17.RISK.cards.hint.desktop,1 FELADAT,17 RISK,-,cards,IRÁNYÍTÁS sor,asztali,Kattints a PUMPA vagy a BEVÁLTÁS célra · a pakliknál a paklira,,,packages/client/src/modules/
473,17.RISK.cards.hint.mobile,1 FELADAT,17 RISK,-,cards,IRÁNYÍTÁS sor,mobil,PUMPA / BEVÁLTÁS gomb · a pakliknál az 1 · 2 · 3 · 4 gomb,,,packages/client/src/modules/
474,18.PROTOCOL.learn.cim,1 FELADAT,18 PROTOCOL,-,learn,blokk címe,mind,TANULÁS,,,packages/client/src/modules/
475,18.PROTOCOL.learn.instruction.vr,1 FELADAT,18 PROTOCOL,-,learn,instrukció,VR,"Hat sorszámozott állomás vesz körül, mindegyiken három kezelőszerv: kapcsoló, szelep és visszaigazoló gomb. Az eljárás tíz lépés, meghatározott sorrendben. Háromszor végigvezetlek rajta: mindig a kivilágított kezelőszerv felé fordulj, mutass rá a sugárral, és húzd meg a ravaszt. Negyedszerre már magadtól kell — jegyezd meg a sorrendet.",,,packages/client/src/modules/
476,18.PROTOCOL.learn.instruction.desktop,1 FELADAT,18 PROTOCOL,-,learn,instrukció,asztali,"Hat sorszámozott állomás lesz előtted, mindegyiken három kezelőszerv: kapcsoló, szelep és visszaigazoló gomb. Az eljárás tíz lépés, meghatározott sorrendben. Háromszor végigvezetlek rajta: mindig a kivilágított kezelőszervre kattints. Negyedszerre már magadtól kell — jegyezd meg a sorrendet.",,,packages/client/src/modules/
477,18.PROTOCOL.learn.instruction.mobile,1 FELADAT,18 PROTOCOL,-,learn,instrukció,mobil,"Hat sorszámozott állomás lesz előtted, mindegyiken három kezelőszerv: kapcsoló, szelep és visszaigazoló gomb. Az eljárás tíz lépés, meghatározott sorrendben. Háromszor végigvezetlek rajta: mindig a kivilágított kezelőszervre koppints. Negyedszerre már magadtól kell — jegyezd meg a sorrendet.",,,packages/client/src/modules/
478,18.PROTOCOL.learn.hint.vr,1 FELADAT,18 PROTOCOL,-,learn,IRÁNYÍTÁS sor,VR,Fordulj az állomás felé · sugár a kezelőszervre + RAVASZ,,,packages/client/src/modules/
479,18.PROTOCOL.learn.hint.desktop,1 FELADAT,18 PROTOCOL,-,learn,IRÁNYÍTÁS sor,asztali,Kattints a kezelőszervre,,,packages/client/src/modules/
480,18.PROTOCOL.learn.hint.mobile,1 FELADAT,18 PROTOCOL,-,learn,IRÁNYÍTÁS sor,mobil,Koppints a kezelőszervre,,,packages/client/src/modules/
481,18.PROTOCOL.baseline.cim,1 FELADAT,18 PROTOCOL,-,baseline,blokk címe,mind,ALAPVONAL,,,packages/client/src/modules/
482,18.PROTOCOL.baseline.instruction,1 FELADAT,18 PROTOCOL,-,baseline,instrukció,mind,"Most kivilágítás nélkül hajtsd végre az eljárást, ugyanabban a sorrendben. Kétszer, nyugodt tempóban. Ha eltévesztesz egy lépést, az eljárás nem lép tovább: a következő helyes lépés ugyanaz marad.",,,packages/client/src/modules/
483,18.PROTOCOL.baseline.hint.vr,1 FELADAT,18 PROTOCOL,-,baseline,IRÁNYÍTÁS sor,VR,Fordulj az állomás felé · sugár a kezelőszervre + RAVASZ,,,packages/client/src/modules/
484,18.PROTOCOL.baseline.hint.desktop,1 FELADAT,18 PROTOCOL,-,baseline,IRÁNYÍTÁS sor,asztali,Kattints a kezelőszervre,,,packages/client/src/modules/
485,18.PROTOCOL.baseline.hint.mobile,1 FELADAT,18 PROTOCOL,-,baseline,IRÁNYÍTÁS sor,mobil,Koppints a kezelőszervre,,,packages/client/src/modules/
486,18.PROTOCOL.interrupted.cim,1 FELADAT,18 PROTOCOL,-,interrupted,blokk címe,mind,MEGSZAKÍTÁS,,,packages/client/src/modules/
487,18.PROTOCOL.interrupted.instruction.vr,1 FELADAT,18 PROTOCOL,-,interrupted,instrukció,VR,"Ugyanez, de közben kétszer félbeszakítalak egy rövid másik feladattal: egy panel jelenik meg négy alakzattal, és azt kell megmutatnod, melyik nem illik a többihez. Ha végeztél vele, fordulj vissza az eljáráshoz, és folytasd pontosan onnan, ahol abbahagytad.",,,packages/client/src/modules/
488,18.PROTOCOL.interrupted.instruction.desktop,1 FELADAT,18 PROTOCOL,-,interrupted,instrukció,asztali,"Ugyanez, de közben kétszer félbeszakítalak egy rövid másik feladattal: egy panel jelenik meg négy alakzattal, és arra kell kattintanod, amelyik nem illik a többihez. Ha végeztél vele, folytasd az eljárást pontosan onnan, ahol abbahagytad.",,,packages/client/src/modules/
489,18.PROTOCOL.interrupted.instruction.mobile,1 FELADAT,18 PROTOCOL,-,interrupted,instrukció,mobil,"Ugyanez, de közben kétszer félbeszakítalak egy rövid másik feladattal: egy panel jelenik meg négy alakzattal, és arra kell koppintanod, amelyik nem illik a többihez. Ha végeztél vele, folytasd az eljárást pontosan onnan, ahol abbahagytad.",,,packages/client/src/modules/
490,18.PROTOCOL.interrupted.hint.vr,1 FELADAT,18 PROTOCOL,-,interrupted,IRÁNYÍTÁS sor,VR,Fordulj az állomás felé · sugár a kezelőszervre + RAVASZ,,,packages/client/src/modules/
491,18.PROTOCOL.interrupted.hint.desktop,1 FELADAT,18 PROTOCOL,-,interrupted,IRÁNYÍTÁS sor,asztali,Kattints a kezelőszervre,,,packages/client/src/modules/
492,18.PROTOCOL.interrupted.hint.mobile,1 FELADAT,18 PROTOCOL,-,interrupted,IRÁNYÍTÁS sor,mobil,Koppints a kezelőszervre,,,packages/client/src/modules/
493,18.PROTOCOL.revised.cim,1 FELADAT,18 PROTOCOL,-,revised,blokk címe,mind,NYOMÁS ÉS VÁLTOZÁS,,,packages/client/src/modules/
494,18.PROTOCOL.revised.instruction,1 FELADAT,18 PROTOCOL,-,revised,instrukció,mind,"Két menet. Az elsőben fogy az idő — egy számláló mutatja —, de a sorrend fontosabb, mint a sebesség. A második előtt megváltoztatom az eljárás egy lépését, és ezt csak egyszer mondom el; utána az új lépés szerint hajtsd végre.",,,packages/client/src/modules/
495,18.PROTOCOL.revised.hint.vr,1 FELADAT,18 PROTOCOL,-,revised,IRÁNYÍTÁS sor,VR,Fordulj az állomás felé · sugár a kezelőszervre + RAVASZ,,,packages/client/src/modules/
496,18.PROTOCOL.revised.hint.desktop,1 FELADAT,18 PROTOCOL,-,revised,IRÁNYÍTÁS sor,asztali,Kattints a kezelőszervre,,,packages/client/src/modules/
497,18.PROTOCOL.revised.hint.mobile,1 FELADAT,18 PROTOCOL,-,revised,IRÁNYÍTÁS sor,mobil,Koppints a kezelőszervre,,,packages/client/src/modules/
498,19.INTENT.frontal.cim,1 FELADAT,19 INTENT,-,frontal,blokk címe,mind,MERRE INDUL,,,packages/client/src/modules/
499,19.INTENT.frontal.instruction.vr,1 FELADAT,19 INTENT,-,frontal,instrukció,VR,"Egy fénypontokból álló alak áll előtted. Elindul balra vagy jobbra, de menet közben eltűnik — hol korábban, hol később. Mondd meg, merre indult: balra → BAL ravasz, jobbra → JOBB ravasz. Nincs időlimit, válaszolj nyugodtan. Utána megkérdezem, mennyire voltál biztos benne: a panelen válaszd a TIPP, TALÁN vagy BIZTOS gombot. Figyelem: az alak néha becsap — elindul az egyik irányba, aztán mégis a másikba megy. Ez a feladat része.",,,packages/client/src/modules/
500,19.INTENT.frontal.instruction.desktop,1 FELADAT,19 INTENT,-,frontal,instrukció,asztali,"Egy fénypontokból álló alak áll előtted. Elindul balra vagy jobbra, de menet közben eltűnik — hol korábban, hol később. Mondd meg, merre indult: balra → F billentyű (vagy ←), jobbra → J billentyű (vagy →). Nincs időlimit, válaszolj nyugodtan. Utána megkérdezem, mennyire voltál biztos benne: kattints a TIPP, TALÁN vagy BIZTOS gombra. Figyelem: az alak néha becsap — elindul az egyik irányba, aztán mégis a másikba megy. Ez a feladat része.",,,packages/client/src/modules/
501,19.INTENT.frontal.instruction.mobile,1 FELADAT,19 INTENT,-,frontal,instrukció,mobil,"Egy fénypontokból álló alak áll előtted. Elindul balra vagy jobbra, de menet közben eltűnik — hol korábban, hol később. Mondd meg, merre indult: a képernyő alján a BAL vagy a JOBB gombbal. Nincs időlimit, válaszolj nyugodtan. Utána megkérdezem, mennyire voltál biztos benne: TIPP, TALÁN vagy BIZTOS. Figyelem: az alak néha becsap — elindul az egyik irányba, aztán mégis a másikba megy. Ez a feladat része.",,,packages/client/src/modules/
502,19.INTENT.frontal.hint.vr,1 FELADAT,19 INTENT,-,frontal,IRÁNYÍTÁS sor,VR,Balra → BAL ravasz · jobbra → JOBB ravasz · utána TIPP / TALÁN / BIZTOS a panelen,,,packages/client/src/modules/
503,19.INTENT.frontal.hint.desktop,1 FELADAT,19 INTENT,-,frontal,IRÁNYÍTÁS sor,asztali,Balra → F vagy ← · jobbra → J vagy → · utána TIPP / TALÁN / BIZTOS kattintással,,,packages/client/src/modules/
504,19.INTENT.frontal.hint.mobile,1 FELADAT,19 INTENT,-,frontal,IRÁNYÍTÁS sor,mobil,BAL / JOBB gomb · utána TIPP / TALÁN / BIZTOS gomb,,,packages/client/src/modules/
505,19.INTENT.depth.cim,1 FELADAT,19 INTENT,-,depth,blokk címe,mind,FELÉM VAGY EL,,,packages/client/src/modules/
506,19.INTENT.depth.instruction,1 FELADAT,19 INTENT,-,depth,instrukció,mind,"Az alak most nem oldalra indul, hanem FELÉD vagy TŐLED EL. Végig akkorának látszik, amekkora — a távolságát nem a mérete árulja el. Ha feléd jött → BAL ravasz, ha tőled el → JOBB ravasz. Utána ugyanúgy a magabiztosság.",,,packages/client/src/modules/
507,19.INTENT.depth.hint,1 FELADAT,19 INTENT,-,depth,IRÁNYÍTÁS sor,mind,Balra → BAL ravasz · jobbra → JOBB ravasz · utána TIPP / TALÁN / BIZTOS a panelen,,,packages/client/src/modules/
508,19.INTENT.peripheral.cim,1 FELADAT,19 INTENT,-,peripheral,blokk címe,mind,OLDALRÓL,,,packages/client/src/modules/
509,19.INTENT.peripheral.instruction,1 FELADAT,19 INTENT,-,peripheral,instrukció,mind,"Ugyanaz a feladat, de az alak jóval oldalt jelenik meg, a látómeződ szélén. Fordulj felé, ha kell — a mozdulat akkor is elindul. Balra → BAL ravasz, jobbra → JOBB ravasz, utána a magabiztosság.",,,packages/client/src/modules/
510,19.INTENT.peripheral.hint,1 FELADAT,19 INTENT,-,peripheral,IRÁNYÍTÁS sor,mind,Balra → BAL ravasz · jobbra → JOBB ravasz · utána TIPP / TALÁN / BIZTOS a panelen,,,packages/client/src/modules/
511,01.SIGNAL.setupTouchControls.1,2 FUTÁS KÖZBEN,01 SIGNAL,-,setupTouchControls,mobil súgósor,mind,"Koppints a narancssárga célra. Ha nincs a tömbben, nyomd meg a NINCS CÉL gombot.",,,packages/client/src/modules/signal/SignalModule.ts:549
512,01.SIGNAL.setupTouchControls.2,2 FUTÁS KÖZBEN,01 SIGNAL,-,setupTouchControls,gombfelirat,mind,NINCS CÉL,,,packages/client/src/modules/signal/SignalModule.ts:551
513,01.SIGNAL.setupTouchControls.3,2 FUTÁS KÖZBEN,01 SIGNAL,-,setupTouchControls,mobil súgósor,mind,"Koppints a felvillant gömbökre, majd KÉSZ.",,,packages/client/src/modules/signal/SignalModule.ts:558
514,01.SIGNAL.setupTouchControls.4,2 FUTÁS KÖZBEN,01 SIGNAL,-,setupTouchControls,gombfelirat,mind,KÉSZ,,,packages/client/src/modules/signal/SignalModule.ts:560
515,01.SIGNAL.setupTouchControls.5,2 FUTÁS KÖZBEN,01 SIGNAL,-,setupTouchControls,mobil súgósor,mind,"Koppints arra az objektumra, amelyik változik.",,,packages/client/src/modules/signal/SignalModule.ts:566
516,01.SIGNAL.setupTouchControls.6,2 FUTÁS KÖZBEN,01 SIGNAL,-,setupTouchControls,mobil súgósor,mind,"Tartsd az egyik ujjad a középső gyűrűn. Amint a szélén felvillan valami, a másik kezeddel nyomd meg a gombot.",,,packages/client/src/modules/signal/SignalModule.ts:573
517,01.SIGNAL.setupTouchControls.7,2 FUTÁS KÖZBEN,01 SIGNAL,-,setupTouchControls,gombfelirat,mind,VILLANÁS,,,packages/client/src/modules/signal/SignalModule.ts:575
518,01.SIGNAL.setupTouchControls.8,2 FUTÁS KÖZBEN,01 SIGNAL,-,setupTouchControls,gomb alsó sor,mind,a szemem sarkából láttam,,,packages/client/src/modules/signal/SignalModule.ts:575
519,01.SIGNAL.finish.9,2 FUTÁS KÖZBEN,01 SIGNAL,-,finish,eredménysor címe,mind,Keresési meredekség (konjunkció),,,packages/client/src/modules/signal/SignalModule.ts:1442
520,01.SIGNAL.finish.10,2 FUTÁS KÖZBEN,01 SIGNAL,-,finish,eredménysor címe,mind,Keresési pontosság (d′),,,packages/client/src/modules/signal/SignalModule.ts:1443
521,01.SIGNAL.finish.11,2 FUTÁS KÖZBEN,01 SIGNAL,-,finish,eredménysor címe,mind,Követési kapacitás,,,packages/client/src/modules/signal/SignalModule.ts:1444
522,01.SIGNAL.finish.12,2 FUTÁS KÖZBEN,01 SIGNAL,-,finish,eredménysor címe,mind,Változásészlelés,,,packages/client/src/modules/signal/SignalModule.ts:1445
523,01.SIGNAL.finish.13,2 FUTÁS KÖZBEN,01 SIGNAL,-,finish,eredménysor címe,mind,Perifériás detekció,,,packages/client/src/modules/signal/SignalModule.ts:1446
524,01.SIGNAL.finish.14,2 FUTÁS KÖZBEN,01 SIGNAL,-,finish,eredménysor címe,mind,Téves riasztás,,,packages/client/src/modules/signal/SignalModule.ts:1447
525,01.SIGNAL-B.drawControl.1,2 FUTÁS KÖZBEN,01 SIGNAL-B,-,drawControl,gombfelirat,mind,NINCS CÉL,,,packages/client/src/modules/signal/SignalSpatialModule.ts:894
526,01.SIGNAL-B.finish.2,2 FUTÁS KÖZBEN,01 SIGNAL-B,-,finish,eredménysor címe,mind,Keresési meredekség,,,packages/client/src/modules/signal/SignalSpatialModule.ts:1071
527,01.SIGNAL-B.finish.3,2 FUTÁS KÖZBEN,01 SIGNAL-B,-,finish,eredménysor címe,mind,Mélységi keresésvezérlés,,,packages/client/src/modules/signal/SignalSpatialModule.ts:1073
528,01.SIGNAL-B.finish.4,2 FUTÁS KÖZBEN,01 SIGNAL-B,-,finish,eredménysor címe,mind,Keresési pontosság (d′),,,packages/client/src/modules/signal/SignalSpatialModule.ts:1077
529,01.SIGNAL-B.finish.5,2 FUTÁS KÖZBEN,01 SIGNAL-B,-,finish,eredménysor címe,mind,Követés takarással,,,packages/client/src/modules/signal/SignalSpatialModule.ts:1078
530,01.SIGNAL-B.finish.6,2 FUTÁS KÖZBEN,01 SIGNAL-B,-,finish,eredménysor címe,mind,Mélységi változás,,,packages/client/src/modules/signal/SignalSpatialModule.ts:1079
531,01.SIGNAL-B.finish.7,2 FUTÁS KÖZBEN,01 SIGNAL-B,-,finish,eredménysor címe,mind,Hátsó cél megtalálása,,,packages/client/src/modules/signal/SignalSpatialModule.ts:1082
532,01.SIGNAL-B.finish.8,2 FUTÁS KÖZBEN,01 SIGNAL-B,-,finish,eredménysor magyarázata,mind,sík nézetben nincs hátsó szektor,,,packages/client/src/modules/signal/SignalSpatialModule.ts:1083
533,01.SIGNAL-B.finish.9,2 FUTÁS KÖZBEN,01 SIGNAL-B,-,finish,eredménysor címe,mind,Körkörös keresés,,,packages/client/src/modules/signal/SignalSpatialModule.ts:1083
534,03.NAV.calibrate.1,2 FUTÁS KÖZBEN,03 NAV,-,calibrate,kérdéssor alatt,mind,Jegyezd meg. Ez lesz az egyik tájékozódási pontod.,,,packages/client/src/modules/nav/NavModule.ts:551
535,03.NAV.runTriangle.2,2 FUTÁS KÖZBEN,03 NAV,-,runTriangle,kérdéssor,mind,Merre van a kiindulópont?,,,packages/client/src/modules/nav/NavModule.ts:907
536,03.NAV.runTriangle.3,2 FUTÁS KÖZBEN,03 NAV,-,runTriangle,kérdéssor,mind,Milyen messze van?,,,packages/client/src/modules/nav/NavModule.ts:923
537,03.NAV.runTriangle.4,2 FUTÁS KÖZBEN,03 NAV,-,runTriangle,kérdéssor alatt,mind,"Állítsd be a csúszkán, majd nyomd meg a MEHET gombot.",,,packages/client/src/modules/nav/NavModule.ts:924
538,03.NAV.runTriangle.5,2 FUTÁS KÖZBEN,03 NAV,-,runTriangle,mobil súgósor,mind,Milyen messze van a kiindulópont?,,,packages/client/src/modules/nav/NavModule.ts:932
539,03.NAV.runTriangle.6,2 FUTÁS KÖZBEN,03 NAV,-,runTriangle,gombfelirat,mind,Becsült távolság,,,packages/client/src/modules/nav/NavModule.ts:934
540,03.NAV.runTriangle.7,2 FUTÁS KÖZBEN,03 NAV,-,runTriangle,gombfelirat,mind,MEHET,,,packages/client/src/modules/nav/NavModule.ts:939
541,03.NAV.setupTouchControls.8,2 FUTÁS KÖZBEN,03 NAV,-,setupTouchControls,mobil súgósor,mind,"Húzd az ujjad a képernyőn, hogy körülnézz. A haladás automatikus.",,,packages/client/src/modules/nav/NavModule.ts:1119
542,03.NAV.setupTouchControls.9,2 FUTÁS KÖZBEN,03 NAV,-,setupTouchControls,mobil súgósor,mind,"Húzd az ujjad a körülnézéshez, majd koppints arra a nyílra, amerre menni akarsz.",,,packages/client/src/modules/nav/NavModule.ts:1125
543,03.NAV.setupTouchControls.10,2 FUTÁS KÖZBEN,03 NAV,-,setupTouchControls,mobil súgósor,mind,"Fordulj a becsült irány felé, hogy a célkereszt arra mutasson, majd erősítsd meg.",,,packages/client/src/modules/nav/NavModule.ts:1133
544,03.NAV.setupTouchControls.11,2 FUTÁS KÖZBEN,03 NAV,-,setupTouchControls,gombfelirat,mind,ERRE VAN,,,packages/client/src/modules/nav/NavModule.ts:1135
545,03.NAV.setupTouchControls.12,2 FUTÁS KÖZBEN,03 NAV,-,setupTouchControls,mobil súgósor,mind,"Koppints a térképen arra a pontra, ahol szerinted vagy.",,,packages/client/src/modules/nav/NavModule.ts:1141
546,03.NAV.drawPrompt.13,2 FUTÁS KÖZBEN,03 NAV,-,drawPrompt,panelszöveg,mind,2 m,,,packages/client/src/modules/nav/NavModule.ts:1345
547,03.NAV.drawPrompt.14,2 FUTÁS KÖZBEN,03 NAV,-,drawPrompt,panelszöveg,mind,30 m,,,packages/client/src/modules/nav/NavModule.ts:1346
548,03.NAV.finish.15,2 FUTÁS KÖZBEN,03 NAV,-,finish,eredménysor címe,mind,Iránybecslési hiba,,,packages/client/src/modules/nav/NavModule.ts:1539
549,03.NAV.finish.16,2 FUTÁS KÖZBEN,03 NAV,-,finish,eredménysor címe,mind,Útvonal-újrajárás,,,packages/client/src/modules/nav/NavModule.ts:1540
550,03.NAV.finish.17,2 FUTÁS KÖZBEN,03 NAV,-,finish,eredménysor címe,mind,Útvonal-rugalmasság,,,packages/client/src/modules/nav/NavModule.ts:1541
551,03.NAV.finish.18,2 FUTÁS KÖZBEN,03 NAV,-,finish,eredménysor címe,mind,Útvonal-integráció,,,packages/client/src/modules/nav/NavModule.ts:1543
552,03.NAV.finish.19,2 FUTÁS KÖZBEN,03 NAV,-,finish,eredménysor címe,mind,Térképpozíció,,,packages/client/src/modules/nav/NavModule.ts:1547
553,03.NAV.finish.20,2 FUTÁS KÖZBEN,03 NAV,-,finish,eredménysor címe,mind,Rossz kanyarok,,,packages/client/src/modules/nav/NavModule.ts:1548
554,04.REACT.setupTouchControls.1,2 FUTÁS KÖZBEN,04 REACT,-,setupTouchControls,mobil súgósor,mind,"Koppints bárhol, amint a gömb felvillan.",,,packages/client/src/modules/react/ReactModule.ts:314
555,04.REACT.setupTouchControls.2,2 FUTÁS KÖZBEN,04 REACT,-,setupTouchControls,mobil súgósor,mind,"PIROS → BAL, KÉK → JOBB.",,,packages/client/src/modules/react/ReactModule.ts:318
556,04.REACT.setupTouchControls.3,2 FUTÁS KÖZBEN,04 REACT,-,setupTouchControls,gombfelirat,mind,BAL,,,packages/client/src/modules/react/ReactModule.ts:320
557,04.REACT.setupTouchControls.4,2 FUTÁS KÖZBEN,04 REACT,-,setupTouchControls,gombfelirat,mind,JOBB,,,packages/client/src/modules/react/ReactModule.ts:321
558,04.REACT.setupTouchControls.5,2 FUTÁS KÖZBEN,04 REACT,-,setupTouchControls,mobil súgósor,mind,Koppints pontosan a gyűrű közepére.,,,packages/client/src/modules/react/ReactModule.ts:326
559,04.REACT.setupTouchControls.6,2 FUTÁS KÖZBEN,04 REACT,-,setupTouchControls,mobil súgósor,mind,"Tartsd az ujjad a mozgó gömbön, és kövesd végig.",,,packages/client/src/modules/react/ReactModule.ts:329
560,04.REACT.setupTouchControls.7,2 FUTÁS KÖZBEN,04 REACT,-,setupTouchControls,mobil súgósor,mind,"Amelyik gömb villan, azt az oldalt nyomd. Ha mindkettő, mindkettőt.",,,packages/client/src/modules/react/ReactModule.ts:333
561,04.REACT.finish.8,2 FUTÁS KÖZBEN,04 REACT,-,finish,eredménysor címe,mind,Egyszerű reakció (medián),,,packages/client/src/modules/react/ReactModule.ts:1021
562,04.REACT.finish.9,2 FUTÁS KÖZBEN,04 REACT,-,finish,eredménysor címe,mind,Választásos reakció,,,packages/client/src/modules/react/ReactModule.ts:1022
563,04.REACT.finish.10,2 FUTÁS KÖZBEN,04 REACT,-,finish,eredménysor címe,mind,Döntési többletidő,,,packages/client/src/modules/react/ReactModule.ts:1023
564,04.REACT.finish.11,2 FUTÁS KÖZBEN,04 REACT,-,finish,eredménysor címe,mind,Lapszusok (>500 ms),,,packages/client/src/modules/react/ReactModule.ts:1024
565,04.REACT.finish.12,2 FUTÁS KÖZBEN,04 REACT,-,finish,eredménysor címe,mind,Célon töltött idő,,,packages/client/src/modules/react/ReactModule.ts:1025
566,04.REACT.finish.13,2 FUTÁS KÖZBEN,04 REACT,-,finish,eredménysor címe,mind,Kétkezes eltérés,,,packages/client/src/modules/react/ReactModule.ts:1026
567,04.REACT-B.runReach.1,2 FUTÁS KÖZBEN,04 REACT-B,-,runReach,visszajelzés,mind,KIMARADT,,,packages/client/src/modules/react/ReactSpatialModule.ts:312
568,04.REACT-B.finish.2,2 FUTÁS KÖZBEN,04 REACT-B,-,finish,eredménysor címe,mind,Nyúlási átvitel (Fitts),,,packages/client/src/modules/react/ReactSpatialModule.ts:783
569,04.REACT-B.finish.3,2 FUTÁS KÖZBEN,04 REACT-B,-,finish,eredménysor címe,mind,Végponthiba,,,packages/client/src/modules/react/ReactSpatialModule.ts:784
570,04.REACT-B.finish.4,2 FUTÁS KÖZBEN,04 REACT-B,-,finish,eredménysor címe,mind,Elfogás,,,packages/client/src/modules/react/ReactSpatialModule.ts:785
571,04.REACT-B.finish.5,2 FUTÁS KÖZBEN,04 REACT-B,-,finish,eredménysor címe,mind,Térbeli követés,,,packages/client/src/modules/react/ReactSpatialModule.ts:786
572,04.REACT-B.finish.6,2 FUTÁS KÖZBEN,04 REACT-B,-,finish,eredménysor címe,mind,Mélység vs. oldalirány,,,packages/client/src/modules/react/ReactSpatialModule.ts:787
573,04.REACT-B.finish.7,2 FUTÁS KÖZBEN,04 REACT-B,-,finish,eredménysor címe,mind,Kétkezes eltérés,,,packages/client/src/modules/react/ReactSpatialModule.ts:788
574,05.MULTI.calibrate.1,2 FUTÁS KÖZBEN,05 MULTI,-,calibrate,gombfelirat,mind,KÉSZ VAGYOK,,,packages/client/src/modules/multi/MultiModule.ts:391
575,05.MULTI.setControls.2,2 FUTÁS KÖZBEN,05 MULTI,-,setControls,gombfelirat,mind,KÖVETÉS,,,packages/client/src/modules/multi/MultiModule.ts:588
576,05.MULTI.finish.3,2 FUTÁS KÖZBEN,05 MULTI,-,finish,eredménysor címe,mind,Többfeladatos költség,,,packages/client/src/modules/multi/MultiModule.ts:995
577,05.MULTI.finish.4,2 FUTÁS KÖZBEN,05 MULTI,-,finish,eredménysor címe,mind,Követés terhelés alatt,,,packages/client/src/modules/multi/MultiModule.ts:999
578,05.MULTI.finish.5,2 FUTÁS KÖZBEN,05 MULTI,-,finish,eredménysor címe,mind,Rendszerfigyelés,,,packages/client/src/modules/multi/MultiModule.ts:1003
579,05.MULTI.finish.6,2 FUTÁS KÖZBEN,05 MULTI,-,finish,eredménysor címe,mind,Rádió,,,packages/client/src/modules/multi/MultiModule.ts:1007
580,05.MULTI.finish.7,2 FUTÁS KÖZBEN,05 MULTI,-,finish,eredménysor címe,mind,Figyelemelosztás,,,packages/client/src/modules/multi/MultiModule.ts:1013
581,05.MULTI.finish.8,2 FUTÁS KÖZBEN,05 MULTI,-,finish,eredménysor címe,mind,Leghosszabb elhanyagolás,,,packages/client/src/modules/multi/MultiModule.ts:1020
582,05.MULTI.finish.9,2 FUTÁS KÖZBEN,05 MULTI,-,finish,eredménysor magyarázata,mind,ennyi ideig nem néztél az egyik állomásra,,,packages/client/src/modules/multi/MultiModule.ts:1022
583,05.MULTI.finish.10,2 FUTÁS KÖZBEN,05 MULTI,-,finish,eredménysor magyarázata,mind,ehhez VR kell — sík képernyőn mind a négy állomás egyszerre látszik,,,packages/client/src/modules/multi/MultiModule.ts:1027
584,05.MULTI.withAlpha.1,2 FUTÁS KÖZBEN,05 MULTI,-,withAlpha,panelszöveg,mind,ADÁS,,,packages/client/src/modules/multi/stations.ts:576
585,05.MULTI.withAlpha.2,2 FUTÁS KÖZBEN,05 MULTI,-,withAlpha,panelszöveg,mind,Csak a saját hívójeledre válaszolj.,,,packages/client/src/modules/multi/stations.ts:579
586,05.MULTI.withAlpha.3,2 FUTÁS KÖZBEN,05 MULTI,-,withAlpha,panelszöveg,mind,CSATORNA,,,packages/client/src/modules/multi/stations.ts:596
587,06.WATCH.setupTouchControls.1,2 FUTÁS KÖZBEN,06 WATCH,-,setupTouchControls,mobil súgósor,mind,"Figyeld a közös ütemet. Amint bármelyik fény kilép belőle, nyomd meg a gombot.",,,packages/client/src/modules/watch/WatchModule.ts:316
588,06.WATCH.setupTouchControls.2,2 FUTÁS KÖZBEN,06 WATCH,-,setupTouchControls,gombfelirat,mind,ELTÉRÉS,,,packages/client/src/modules/watch/WatchModule.ts:318
589,06.WATCH.setupTouchControls.3,2 FUTÁS KÖZBEN,06 WATCH,-,setupTouchControls,gomb alsó sor,mind,most lépett ki az ütemből,,,packages/client/src/modules/watch/WatchModule.ts:318
590,06.WATCH.finish.4,2 FUTÁS KÖZBEN,06 WATCH,-,finish,eredménysor címe,mind,Észlelési érzékenység (d′),,,packages/client/src/modules/watch/WatchModule.ts:879
591,06.WATCH.finish.5,2 FUTÁS KÖZBEN,06 WATCH,-,finish,eredménysor címe,mind,Éberség-lejtés,,,packages/client/src/modules/watch/WatchModule.ts:880
592,06.WATCH.finish.6,2 FUTÁS KÖZBEN,06 WATCH,-,finish,eredménysor címe,mind,Téves riasztás,,,packages/client/src/modules/watch/WatchModule.ts:881
593,06.WATCH.finish.7,2 FUTÁS KÖZBEN,06 WATCH,-,finish,eredménysor címe,mind,Detekciós idő,,,packages/client/src/modules/watch/WatchModule.ts:882
594,06.WATCH.finish.8,2 FUTÁS KÖZBEN,06 WATCH,-,finish,eredménysor címe,mind,Térbeli lefedettség,,,packages/client/src/modules/watch/WatchModule.ts:886
595,06.WATCH.finish.9,2 FUTÁS KÖZBEN,06 WATCH,-,finish,eredménysor címe,mind,Lefedettség megtartása,,,packages/client/src/modules/watch/WatchModule.ts:888
596,06.WATCH.finish.10,2 FUTÁS KÖZBEN,06 WATCH,-,finish,eredménysor címe,mind,Hátsó szektor,,,packages/client/src/modules/watch/WatchModule.ts:892
597,06.WATCH.finish.11,2 FUTÁS KÖZBEN,06 WATCH,-,finish,eredménysor magyarázata,mind,"lefedettség, hátsó detekció, mélység",,,packages/client/src/modules/watch/WatchModule.ts:894
598,06.WATCH.finish.12,2 FUTÁS KÖZBEN,06 WATCH,-,finish,eredménysor címe,mind,Térbeli mutatók,,,packages/client/src/modules/watch/WatchModule.ts:894
599,07.PRESSURE.setupTouchControls.1,2 FUTÁS KÖZBEN,07 PRESSURE,-,setupTouchControls,mobil súgósor,mind,CIÁN vagy KOCKA → BAL. MAGENTA vagy GÖMB → JOBB.,,,packages/client/src/modules/pressure/PressureModule.ts:235
600,07.PRESSURE.setupTouchControls.2,2 FUTÁS KÖZBEN,07 PRESSURE,-,setupTouchControls,gombfelirat,mind,BAL,,,packages/client/src/modules/pressure/PressureModule.ts:237
601,07.PRESSURE.setupTouchControls.3,2 FUTÁS KÖZBEN,07 PRESSURE,-,setupTouchControls,gombfelirat,mind,JOBB,,,packages/client/src/modules/pressure/PressureModule.ts:238
602,07.PRESSURE.drawStake.4,2 FUTÁS KÖZBEN,07 PRESSURE,-,drawStake,panelcímke,mind,SOROZAT,,,packages/client/src/modules/pressure/PressureModule.ts:656
603,07.PRESSURE.drawStake.5,2 FUTÁS KÖZBEN,07 PRESSURE,-,drawStake,panelcímke,mind,KOCKÁN,,,packages/client/src/modules/pressure/PressureModule.ts:660
604,07.PRESSURE.finish.6,2 FUTÁS KÖZBEN,07 PRESSURE,-,finish,eredménysor címe,mind,Pontosság nyomás alatt,,,packages/client/src/modules/pressure/PressureModule.ts:812
605,07.PRESSURE.finish.7,2 FUTÁS KÖZBEN,07 PRESSURE,-,finish,eredménysor címe,mind,Nyomás alatti romlás,,,packages/client/src/modules/pressure/PressureModule.ts:813
606,07.PRESSURE.finish.8,2 FUTÁS KÖZBEN,07 PRESSURE,-,finish,eredménysor címe,mind,Helyreállás,,,packages/client/src/modules/pressure/PressureModule.ts:814
607,07.PRESSURE.finish.9,2 FUTÁS KÖZBEN,07 PRESSURE,-,finish,eredménysor címe,mind,Interferencia-költség,,,packages/client/src/modules/pressure/PressureModule.ts:815
608,07.PRESSURE.finish.10,2 FUTÁS KÖZBEN,07 PRESSURE,-,finish,eredménysor címe,mind,Váltási költség,,,packages/client/src/modules/pressure/PressureModule.ts:816
609,07.PRESSURE.finish.11,2 FUTÁS KÖZBEN,07 PRESSURE,-,finish,eredménysor címe,mind,Hiba utáni pontosság,,,packages/client/src/modules/pressure/PressureModule.ts:817
610,07.PRESSURE-B.setTimeout.1,2 FUTÁS KÖZBEN,07 PRESSURE-B,-,setTimeout,visszajelzés,mind,LEJÁRT,,,packages/client/src/modules/pressure/PressureSpatialModule.ts:370
611,07.PRESSURE-B.drawStake.2,2 FUTÁS KÖZBEN,07 PRESSURE-B,-,drawStake,panelcímke,mind,SOROZAT,,,packages/client/src/modules/pressure/PressureSpatialModule.ts:610
612,07.PRESSURE-B.drawStake.3,2 FUTÁS KÖZBEN,07 PRESSURE-B,-,drawStake,panelcímke,mind,KOCKÁN,,,packages/client/src/modules/pressure/PressureSpatialModule.ts:614
613,07.PRESSURE-B.finish.4,2 FUTÁS KÖZBEN,07 PRESSURE-B,-,finish,eredménysor címe,mind,Simon-hatás (hely),,,packages/client/src/modules/pressure/PressureSpatialModule.ts:758
614,07.PRESSURE-B.finish.5,2 FUTÁS KÖZBEN,07 PRESSURE-B,-,finish,eredménysor címe,mind,Mélységi Simon-hatás,,,packages/client/src/modules/pressure/PressureSpatialModule.ts:759
615,07.PRESSURE-B.finish.6,2 FUTÁS KÖZBEN,07 PRESSURE-B,-,finish,eredménysor címe,mind,Pontosság nyomás alatt,,,packages/client/src/modules/pressure/PressureSpatialModule.ts:760
616,07.PRESSURE-B.finish.7,2 FUTÁS KÖZBEN,07 PRESSURE-B,-,finish,eredménysor címe,mind,Nyomás alatti romlás,,,packages/client/src/modules/pressure/PressureSpatialModule.ts:761
617,07.PRESSURE-B.finish.8,2 FUTÁS KÖZBEN,07 PRESSURE-B,-,finish,eredménysor címe,mind,Helyreállás,,,packages/client/src/modules/pressure/PressureSpatialModule.ts:762
618,07.PRESSURE-B.finish.9,2 FUTÁS KÖZBEN,07 PRESSURE-B,-,finish,eredménysor címe,mind,Látómező-szűkülés,,,packages/client/src/modules/pressure/PressureSpatialModule.ts:766
619,07.PRESSURE-B.finish.10,2 FUTÁS KÖZBEN,07 PRESSURE-B,-,finish,eredménysor magyarázata,mind,síkon nincs mit elveszíteni,,,packages/client/src/modules/pressure/PressureSpatialModule.ts:770
620,08.HOLD.setupTouchControls.1,2 FUTÁS KÖZBEN,08 HOLD,-,setupTouchControls,gombfelirat,mind,MOST,,,packages/client/src/modules/hold/HoldModule.ts:264
621,08.HOLD.setupTouchControls.2,2 FUTÁS KÖZBEN,08 HOLD,-,setupTouchControls,gomb alsó sor,mind,"ez az, amire nyomni kell",,,packages/client/src/modules/hold/HoldModule.ts:264
622,08.HOLD.onAction.3,2 FUTÁS KÖZBEN,08 HOLD,-,onAction,visszajelzés,mind,TÚL KORAI,,,packages/client/src/modules/hold/HoldModule.ts:527
623,08.HOLD.commit.4,2 FUTÁS KÖZBEN,08 HOLD,-,commit,visszajelzés,mind,VISSZATARTVA,,,packages/client/src/modules/hold/HoldModule.ts:594
624,08.HOLD.commit.5,2 FUTÁS KÖZBEN,08 HOLD,-,commit,visszajelzés,mind,NEM KELLETT VOLNA,,,packages/client/src/modules/hold/HoldModule.ts:595
625,08.HOLD.commit.6,2 FUTÁS KÖZBEN,08 HOLD,-,commit,visszajelzés,mind,KIMARADT,,,packages/client/src/modules/hold/HoldModule.ts:596
626,08.HOLD.finish.7,2 FUTÁS KÖZBEN,08 HOLD,-,finish,eredménysor címe,mind,Gátlási hiba (commission),,,packages/client/src/modules/hold/HoldModule.ts:883
627,08.HOLD.finish.8,2 FUTÁS KÖZBEN,08 HOLD,-,finish,eredménysor címe,mind,Gátlási sebesség (SSRT),,,packages/client/src/modules/hold/HoldModule.ts:884
628,08.HOLD.finish.9,2 FUTÁS KÖZBEN,08 HOLD,-,finish,eredménysor címe,mind,Go reakcióidő,,,packages/client/src/modules/hold/HoldModule.ts:885
629,08.HOLD.finish.10,2 FUTÁS KÖZBEN,08 HOLD,-,finish,eredménysor címe,mind,Pályaítélet (d′),,,packages/client/src/modules/hold/HoldModule.ts:886
630,08.HOLD.finish.11,2 FUTÁS KÖZBEN,08 HOLD,-,finish,eredménysor címe,mind,Szabályváltás költsége,,,packages/client/src/modules/hold/HoldModule.ts:887
631,08.HOLD.finish.12,2 FUTÁS KÖZBEN,08 HOLD,-,finish,eredménysor magyarázata,mind,a pálya arányában,,,packages/client/src/modules/hold/HoldModule.ts:888
632,08.HOLD.finish.13,2 FUTÁS KÖZBEN,08 HOLD,-,finish,eredménysor címe,mind,Döntési fegyelem,,,packages/client/src/modules/hold/HoldModule.ts:888
633,09.MEMORY.setupTouchControls.1,2 FUTÁS KÖZBEN,09 MEMORY,-,setupTouchControls,mobil súgósor,mind,"UGYANOTT, valahányszor a gömb oda kerül, ahol két lépéssel korábban volt.",,,packages/client/src/modules/memory/MemoryModule.ts:283
634,09.MEMORY.setupTouchControls.2,2 FUTÁS KÖZBEN,09 MEMORY,-,setupTouchControls,gombfelirat,mind,UGYANOTT,,,packages/client/src/modules/memory/MemoryModule.ts:285
635,09.MEMORY.calibrate.3,2 FUTÁS KÖZBEN,09 MEMORY,-,calibrate,kérdéssor alatt,mind,"Minden kocka egyszer felvillan. Nézd meg, hol vannak — három különböző távolságban.",,,packages/client/src/modules/memory/MemoryModule.ts:403
636,09.MEMORY.runBind.4,2 FUTÁS KÖZBEN,09 MEMORY,-,runBind,kérdéssor alatt,mind,Melyik alakzat hol van?,,,packages/client/src/modules/memory/MemoryModule.ts:682
637,09.MEMORY.runBind.5,2 FUTÁS KÖZBEN,09 MEMORY,-,runBind,kérdéssor alatt,mind,Mutass a helyére.,,,packages/client/src/modules/memory/MemoryModule.ts:701
638,09.MEMORY.runInterfere.6,2 FUTÁS KÖZBEN,09 MEMORY,-,runInterfere,kérdéssor alatt,mind,A sorozat maradjon meg közben.,,,packages/client/src/modules/memory/MemoryModule.ts:889
639,09.MEMORY.runInterfere.7,2 FUTÁS KÖZBEN,09 MEMORY,-,runInterfere,kérdéssor alatt,mind,Tartsd meg a sorozatot.,,,packages/client/src/modules/memory/MemoryModule.ts:905
640,09.MEMORY.finish.8,2 FUTÁS KÖZBEN,09 MEMORY,-,finish,eredménysor címe,mind,Téri terjedelem,,,packages/client/src/modules/memory/MemoryModule.ts:1163
641,09.MEMORY.finish.9,2 FUTÁS KÖZBEN,09 MEMORY,-,finish,eredménysor címe,mind,Frissítési költség,,,packages/client/src/modules/memory/MemoryModule.ts:1164
642,09.MEMORY.finish.10,2 FUTÁS KÖZBEN,09 MEMORY,-,finish,eredménysor címe,mind,Folyamatos frissítés (d′),,,packages/client/src/modules/memory/MemoryModule.ts:1165
643,09.MEMORY.finish.11,2 FUTÁS KÖZBEN,09 MEMORY,-,finish,eredménysor címe,mind,Tárgy-hely kötés,,,packages/client/src/modules/memory/MemoryModule.ts:1166
644,09.MEMORY.finish.12,2 FUTÁS KÖZBEN,09 MEMORY,-,finish,eredménysor címe,mind,Interferencia-költség,,,packages/client/src/modules/memory/MemoryModule.ts:1167
645,09.MEMORY.finish.13,2 FUTÁS KÖZBEN,09 MEMORY,-,finish,eredménysor magyarázata,mind,a hibákból,,,packages/client/src/modules/memory/MemoryModule.ts:1170
646,09.MEMORY.finish.14,2 FUTÁS KÖZBEN,09 MEMORY,-,finish,eredménysor címe,mind,Mélységi tévesztés,,,packages/client/src/modules/memory/MemoryModule.ts:1170
647,09.MEMORY.finish.15,2 FUTÁS KÖZBEN,09 MEMORY,-,finish,eredménysor magyarázata,mind,a rétegek síkon nem különülnek el,,,packages/client/src/modules/memory/MemoryModule.ts:1171
648,09.MEMORY.finish.16,2 FUTÁS KÖZBEN,09 MEMORY,-,finish,eredménysor címe,mind,Mélységi mutatók,,,packages/client/src/modules/memory/MemoryModule.ts:1171
649,10.COMMAND.setupTouchControls.1,2 FUTÁS KÖZBEN,10 COMMAND,-,setupTouchControls,mobil súgósor,mind,"Koppints egy egységre, majd a cél gyűrűjére.",,,packages/client/src/modules/command/CommandModule.ts:178
650,10.COMMAND.setupTouchControls.2,2 FUTÁS KÖZBEN,10 COMMAND,-,setupTouchControls,gombfelirat,mind,JELÖLÉS,,,packages/client/src/modules/command/CommandModule.ts:180
651,10.COMMAND.setupTouchControls.3,2 FUTÁS KÖZBEN,10 COMMAND,-,setupTouchControls,gomb alsó sor,mind,a következő koppintás jelöl a táblán,,,packages/client/src/modules/command/CommandModule.ts:180
652,10.COMMAND.drawLobby.4,2 FUTÁS KÖZBEN,10 COMMAND,-,drawLobby,panelcímke,mind,MODUL 10 · COMMAND,,,packages/client/src/modules/command/CommandModule.ts:631
653,10.COMMAND.drawLobby.5,2 FUTÁS KÖZBEN,10 COMMAND,-,drawLobby,panelcím,mind,CSAPATFELADAT,,,packages/client/src/modules/command/CommandModule.ts:632
654,10.COMMAND.drawLobby.6,2 FUTÁS KÖZBEN,10 COMMAND,-,drawLobby,gombfelirat,mind,ÚJ SZOBA,,,packages/client/src/modules/command/CommandModule.ts:647
655,10.COMMAND.drawLobby.7,2 FUTÁS KÖZBEN,10 COMMAND,-,drawLobby,gomb alsó sor,mind,te leszel a házigazda,,,packages/client/src/modules/command/CommandModule.ts:647
656,10.COMMAND.drawLobby.8,2 FUTÁS KÖZBEN,10 COMMAND,-,drawLobby,gombfelirat,mind,CSATLAKOZÁS,,,packages/client/src/modules/command/CommandModule.ts:648
657,10.COMMAND.drawLobby.9,2 FUTÁS KÖZBEN,10 COMMAND,-,drawLobby,gomb alsó sor,mind,szobakóddal,,,packages/client/src/modules/command/CommandModule.ts:648
658,10.COMMAND.drawLobby.10,2 FUTÁS KÖZBEN,10 COMMAND,-,drawLobby,panelcímke,mind,MIT MÉRÜNK,,,packages/client/src/modules/command/CommandModule.ts:650
659,10.COMMAND.drawLobby.11,2 FUTÁS KÖZBEN,10 COMMAND,-,drawLobby,panelcímke,mind,AI TÁRS,,,packages/client/src/modules/command/CommandModule.ts:672
660,10.COMMAND.drawLobby.12,2 FUTÁS KÖZBEN,10 COMMAND,-,drawLobby,gombfelirat,mind,SZOBA LÉTREHOZÁSA,,,packages/client/src/modules/command/CommandModule.ts:674
661,10.COMMAND.drawLobby.13,2 FUTÁS KÖZBEN,10 COMMAND,-,drawLobby,gombfelirat,mind,VISSZA,,,packages/client/src/modules/command/CommandModule.ts:675
662,10.COMMAND.drawLobby.14,2 FUTÁS KÖZBEN,10 COMMAND,-,drawLobby,panel bekezdés,mind,Írd be a házigazdától kapott négybetűs szobakódot.,,,packages/client/src/modules/command/CommandModule.ts:680
663,10.COMMAND.drawLobby.15,2 FUTÁS KÖZBEN,10 COMMAND,-,drawLobby,panelcímke,mind,SZOBAKÓD,,,packages/client/src/modules/command/CommandModule.ts:691
664,10.COMMAND.drawLobby.16,2 FUTÁS KÖZBEN,10 COMMAND,-,drawLobby,panelcímke,mind,RÉSZTVEVŐK,,,packages/client/src/modules/command/CommandModule.ts:698
665,10.COMMAND.drawLobby.17,2 FUTÁS KÖZBEN,10 COMMAND,-,drawLobby,panelszöveg,mind,AI,,,packages/client/src/modules/command/CommandModule.ts:704
666,10.COMMAND.drawLobby.18,2 FUTÁS KÖZBEN,10 COMMAND,-,drawLobby,gombfelirat,mind,INDÍTÁS,,,packages/client/src/modules/command/CommandModule.ts:717
667,10.COMMAND.drawLobby.19,2 FUTÁS KÖZBEN,10 COMMAND,-,drawLobby,panelszöveg,mind,Legalább 2 résztvevő és mindenki készre jelentkezve.,,,packages/client/src/modules/command/CommandModule.ts:720
668,10.COMMAND.drawPlan.20,2 FUTÁS KÖZBEN,10 COMMAND,-,drawPlan,panelszöveg,mind,PARANCSNOK,,,packages/client/src/modules/command/CommandModule.ts:746
669,10.COMMAND.drawPlan.21,2 FUTÁS KÖZBEN,10 COMMAND,-,drawPlan,panelszöveg,mind,ÚJ INFORMÁCIÓ,,,packages/client/src/modules/command/CommandModule.ts:781
670,10.COMMAND.drawBrief.22,2 FUTÁS KÖZBEN,10 COMMAND,-,drawBrief,panelcímke,mind,CSAK TE TUDOD,,,packages/client/src/modules/command/CommandModule.ts:830
671,10.COMMAND.drawBrief.23,2 FUTÁS KÖZBEN,10 COMMAND,-,drawBrief,panelszöveg,mind,Nincs privát információd ebben a körben.,,,packages/client/src/modules/command/CommandModule.ts:840
672,10.COMMAND.drawComms.24,2 FUTÁS KÖZBEN,10 COMMAND,-,drawComms,panelcímke,mind,GYORSÜZENET,,,packages/client/src/modules/command/CommandModule.ts:887
673,10.COMMAND.drawComms.25,2 FUTÁS KÖZBEN,10 COMMAND,-,drawComms,gombfelirat,mind,ÍRÁS,,,packages/client/src/modules/command/CommandModule.ts:899
674,10.COMMAND.drawTeam.26,2 FUTÁS KÖZBEN,10 COMMAND,-,drawTeam,panelcímke,mind,JAVASLATOK,,,packages/client/src/modules/command/CommandModule.ts:926
675,10.COMMAND.drawTeam.27,2 FUTÁS KÖZBEN,10 COMMAND,-,drawTeam,panelszöveg,mind,Még nincs javaslat.,,,packages/client/src/modules/command/CommandModule.ts:930
676,10.COMMAND.finish.28,2 FUTÁS KÖZBEN,10 COMMAND,-,finish,eredménysor magyarázata,mind,csapatszintű,,,packages/client/src/modules/command/CommandModule.ts:1004
677,10.COMMAND.finish.29,2 FUTÁS KÖZBEN,10 COMMAND,-,finish,eredménysor címe,mind,Terv optimalitása,,,packages/client/src/modules/command/CommandModule.ts:1004
678,10.COMMAND.finish.30,2 FUTÁS KÖZBEN,10 COMMAND,-,finish,eredménysor magyarázata,mind,csapat összesen,,,packages/client/src/modules/command/CommandModule.ts:1005
679,10.COMMAND.finish.31,2 FUTÁS KÖZBEN,10 COMMAND,-,finish,eredménysor címe,mind,Megosztott információ,,,packages/client/src/modules/command/CommandModule.ts:1005
680,10.COMMAND.finish.32,2 FUTÁS KÖZBEN,10 COMMAND,-,finish,eredménysor címe,mind,Saját megosztási arány,,,packages/client/src/modules/command/CommandModule.ts:1006
681,10.COMMAND.finish.33,2 FUTÁS KÖZBEN,10 COMMAND,-,finish,eredménysor címe,mind,Javaslat-elfogadás,,,packages/client/src/modules/command/CommandModule.ts:1007
682,10.COMMAND.finish.34,2 FUTÁS KÖZBEN,10 COMMAND,-,finish,eredménysor címe,mind,Vezetői index,,,packages/client/src/modules/command/CommandModule.ts:1008
683,10.COMMAND.finish.35,2 FUTÁS KÖZBEN,10 COMMAND,-,finish,eredménysor címe,mind,Lezárásig eltelt idő,,,packages/client/src/modules/command/CommandModule.ts:1009
684,10.COMMAND-B.drawLobby.1,2 FUTÁS KÖZBEN,10 COMMAND-B,-,drawLobby,panelcímke,mind,MODUL 10 · COMMAND — TÉRBELI VÁLTOZAT,,,packages/client/src/modules/command/CommandSpatialModule.ts:394
685,10.COMMAND-B.drawLobby.2,2 FUTÁS KÖZBEN,10 COMMAND-B,-,drawLobby,panelcím,mind,AMIT ONNAN LÁTSZ,,,packages/client/src/modules/command/CommandSpatialModule.ts:395
686,10.COMMAND-B.drawLobby.3,2 FUTÁS KÖZBEN,10 COMMAND-B,-,drawLobby,gombfelirat,mind,ÚJ SZOBA,,,packages/client/src/modules/command/CommandSpatialModule.ts:409
687,10.COMMAND-B.drawLobby.4,2 FUTÁS KÖZBEN,10 COMMAND-B,-,drawLobby,gomb alsó sor,mind,te leszel a házigazda,,,packages/client/src/modules/command/CommandSpatialModule.ts:409
688,10.COMMAND-B.drawLobby.5,2 FUTÁS KÖZBEN,10 COMMAND-B,-,drawLobby,panelcímke,mind,MIT MÉRÜNK,,,packages/client/src/modules/command/CommandSpatialModule.ts:411
689,10.COMMAND-B.drawLobby.6,2 FUTÁS KÖZBEN,10 COMMAND-B,-,drawLobby,panel bekezdés,mind,Hány AI csapattárs legyen? Ők is csak a saját ülőhelyükről látnak.,,,packages/client/src/modules/command/CommandSpatialModule.ts:425
690,10.COMMAND-B.drawLobby.7,2 FUTÁS KÖZBEN,10 COMMAND-B,-,drawLobby,gombfelirat,mind,SZOBA LÉTREHOZÁSA,,,packages/client/src/modules/command/CommandSpatialModule.ts:430
691,10.COMMAND-B.drawLobby.8,2 FUTÁS KÖZBEN,10 COMMAND-B,-,drawLobby,gombfelirat,mind,VISSZA,,,packages/client/src/modules/command/CommandSpatialModule.ts:431
692,10.COMMAND-B.drawLobby.9,2 FUTÁS KÖZBEN,10 COMMAND-B,-,drawLobby,panelcímke,mind,SZOBAKÓD,,,packages/client/src/modules/command/CommandSpatialModule.ts:435
693,10.COMMAND-B.drawLobby.10,2 FUTÁS KÖZBEN,10 COMMAND-B,-,drawLobby,gombfelirat,mind,INDÍTÁS,,,packages/client/src/modules/command/CommandSpatialModule.ts:451
694,10.COMMAND-B.drawTally.11,2 FUTÁS KÖZBEN,10 COMMAND-B,-,drawTally,gombfelirat,mind,A SAJÁT NÉZETEM,,,packages/client/src/modules/command/CommandSpatialModule.ts:484
695,10.COMMAND-B.drawSide.12,2 FUTÁS KÖZBEN,10 COMMAND-B,-,drawSide,panelcímke,mind,AMIT INNEN LÁTSZ,,,packages/client/src/modules/command/CommandSpatialModule.ts:517
696,10.COMMAND-B.drawSide.13,2 FUTÁS KÖZBEN,10 COMMAND-B,-,drawSide,panelszöveg,mind,Várakozás a szerkezetre…,,,packages/client/src/modules/command/CommandSpatialModule.ts:519
697,10.COMMAND-B.drawSide.14,2 FUTÁS KÖZBEN,10 COMMAND-B,-,drawSide,panelcímke,mind,TÉRBELI KÖZLÉS,,,packages/client/src/modules/command/CommandSpatialModule.ts:567
698,10.COMMAND-B.finish.15,2 FUTÁS KÖZBEN,10 COMMAND-B,-,finish,eredménysor címe,mind,Leltár eltérése,,,packages/client/src/modules/command/CommandSpatialModule.ts:653
699,10.COMMAND-B.finish.16,2 FUTÁS KÖZBEN,10 COMMAND-B,-,finish,eredménysor címe,mind,Nyereség a megosztásból,,,packages/client/src/modules/command/CommandSpatialModule.ts:655
700,10.COMMAND-B.finish.17,2 FUTÁS KÖZBEN,10 COMMAND-B,-,finish,eredménysor magyarázata,mind,közös hivatkozás hiánya,,,packages/client/src/modules/command/CommandSpatialModule.ts:659
701,10.COMMAND-B.finish.18,2 FUTÁS KÖZBEN,10 COMMAND-B,-,finish,eredménysor címe,mind,Kétszer számolt,,,packages/client/src/modules/command/CommandSpatialModule.ts:659
702,10.COMMAND-B.finish.19,2 FUTÁS KÖZBEN,10 COMMAND-B,-,finish,eredménysor magyarázata,mind,be nem jelentett nézet,,,packages/client/src/modules/command/CommandSpatialModule.ts:660
703,10.COMMAND-B.finish.20,2 FUTÁS KÖZBEN,10 COMMAND-B,-,finish,eredménysor címe,mind,Kimaradt,,,packages/client/src/modules/command/CommandSpatialModule.ts:660
704,10.COMMAND-B.finish.21,2 FUTÁS KÖZBEN,10 COMMAND-B,-,finish,eredménysor címe,mind,Csak te láttad,,,packages/client/src/modules/command/CommandSpatialModule.ts:661
705,10.COMMAND-B.finish.22,2 FUTÁS KÖZBEN,10 COMMAND-B,-,finish,eredménysor címe,mind,Közös térbeli nyelv,,,packages/client/src/modules/command/CommandSpatialModule.ts:663
706,10.COMMAND-B.finish.23,2 FUTÁS KÖZBEN,10 COMMAND-B,-,finish,eredménysor magyarázata,mind,a szerkezethez kötött megfogalmazás aránya,,,packages/client/src/modules/command/CommandSpatialModule.ts:665
707,11.ANTICIPATE.setupTouchControls.1,2 FUTÁS KÖZBEN,11 ANTICIPATE,-,setupTouchControls,mobil súgósor,mind,"MOST — pontosan akkor, amikor a gömb elérné a fehér célt.",,,packages/client/src/modules/anticipate/AnticipateModule.ts:226
708,11.ANTICIPATE.setupTouchControls.2,2 FUTÁS KÖZBEN,11 ANTICIPATE,-,setupTouchControls,gombfelirat,mind,MOST,,,packages/client/src/modules/anticipate/AnticipateModule.ts:228
709,11.ANTICIPATE.finish.3,2 FUTÁS KÖZBEN,11 ANTICIPATE,-,finish,eredménysor magyarázata,mind,szórás — a fő mutató,,,packages/client/src/modules/anticipate/AnticipateModule.ts:711
710,11.ANTICIPATE.finish.4,2 FUTÁS KÖZBEN,11 ANTICIPATE,-,finish,eredménysor címe,mind,Időzítési pontosság (VE),,,packages/client/src/modules/anticipate/AnticipateModule.ts:711
711,11.ANTICIPATE.finish.5,2 FUTÁS KÖZBEN,11 ANTICIPATE,-,finish,eredménysor címe,mind,Időzítési torzítás (CE),,,packages/client/src/modules/anticipate/AnticipateModule.ts:712
712,11.ANTICIPATE.finish.6,2 FUTÁS KÖZBEN,11 ANTICIPATE,-,finish,eredménysor magyarázata,mind,szórásnövekedés,,,packages/client/src/modules/anticipate/AnticipateModule.ts:713
713,11.ANTICIPATE.finish.7,2 FUTÁS KÖZBEN,11 ANTICIPATE,-,finish,eredménysor címe,mind,Takarás hatása,,,packages/client/src/modules/anticipate/AnticipateModule.ts:713
714,11.ANTICIPATE.finish.8,2 FUTÁS KÖZBEN,11 ANTICIPATE,-,finish,eredménysor magyarázata,mind,kisebb = jobb,,,packages/client/src/modules/anticipate/AnticipateModule.ts:714
715,11.ANTICIPATE.finish.9,2 FUTÁS KÖZBEN,11 ANTICIPATE,-,finish,eredménysor címe,mind,Sebesség-skálázás,,,packages/client/src/modules/anticipate/AnticipateModule.ts:714
716,11.ANTICIPATE.finish.10,2 FUTÁS KÖZBEN,11 ANTICIPATE,-,finish,eredménysor címe,mind,Sebességváltás kezelése,,,packages/client/src/modules/anticipate/AnticipateModule.ts:715
717,11.ANTICIPATE.finish.11,2 FUTÁS KÖZBEN,11 ANTICIPATE,-,finish,eredménysor címe,mind,Érvénytelen próba,,,packages/client/src/modules/anticipate/AnticipateModule.ts:716
718,11.ANTICIPATE.finish.12,2 FUTÁS KÖZBEN,11 ANTICIPATE,-,finish,eredménysor címe,mind,FIGYELEM,,,packages/client/src/modules/anticipate/AnticipateModule.ts:721
719,11.ANTICIPATE.finish.13,2 FUTÁS KÖZBEN,11 ANTICIPATE,-,finish,eredménysor magyarázata,mind,az eredmény óvatosan értelmezendő,,,packages/client/src/modules/anticipate/AnticipateModule.ts:723
720,11.ANTICIPATE-B.onAction.1,2 FUTÁS KÖZBEN,11 ANTICIPATE-B,-,onAction,visszajelzés,mind,TÚL KORAI — várd meg a közeledést,,,packages/client/src/modules/anticipate/AnticipateSpatialModule.ts:370
721,11.ANTICIPATE-B.finish.2,2 FUTÁS KÖZBEN,11 ANTICIPATE-B,-,finish,eredménysor magyarázata,mind,szórás — a fő mutató,,,packages/client/src/modules/anticipate/AnticipateSpatialModule.ts:593
722,11.ANTICIPATE-B.finish.3,2 FUTÁS KÖZBEN,11 ANTICIPATE-B,-,finish,eredménysor címe,mind,Időzítési pontosság (VE),,,packages/client/src/modules/anticipate/AnticipateSpatialModule.ts:593
723,11.ANTICIPATE-B.finish.4,2 FUTÁS KÖZBEN,11 ANTICIPATE-B,-,finish,eredménysor címe,mind,Méret–érkezés hatás,,,packages/client/src/modules/anticipate/AnticipateSpatialModule.ts:595
724,11.ANTICIPATE-B.finish.5,2 FUTÁS KÖZBEN,11 ANTICIPATE-B,-,finish,eredménysor címe,mind,Takarás hatása,,,packages/client/src/modules/anticipate/AnticipateSpatialModule.ts:601
725,11.ANTICIPATE-B.finish.6,2 FUTÁS KÖZBEN,11 ANTICIPATE-B,-,finish,eredménysor címe,mind,Időzítési torzítás (CE),,,packages/client/src/modules/anticipate/AnticipateSpatialModule.ts:602
726,11.ANTICIPATE-B.finish.7,2 FUTÁS KÖZBEN,11 ANTICIPATE-B,-,finish,eredménysor címe,mind,Oldalirányú érkezés ára,,,packages/client/src/modules/anticipate/AnticipateSpatialModule.ts:603
727,11.ANTICIPATE-B.finish.8,2 FUTÁS KÖZBEN,11 ANTICIPATE-B,-,finish,eredménysor címe,mind,Érvénytelen próba,,,packages/client/src/modules/anticipate/AnticipateSpatialModule.ts:604
728,11.ANTICIPATE-B.finish.9,2 FUTÁS KÖZBEN,11 ANTICIPATE-B,-,finish,eredménysor magyarázata,mind,az eredmény óvatosan értelmezendő,,,packages/client/src/modules/anticipate/AnticipateSpatialModule.ts:607
729,11.ANTICIPATE-B.finish.10,2 FUTÁS KÖZBEN,11 ANTICIPATE-B,-,finish,eredménysor címe,mind,FIGYELEM,,,packages/client/src/modules/anticipate/AnticipateSpatialModule.ts:607
730,12.FIELD.setTouchPhase.1,2 FUTÁS KÖZBEN,12 FIELD,-,setTouchPhase,mobil súgósor,mind,Mi volt középen?,,,packages/client/src/modules/field/FieldModule.ts:334
731,12.FIELD.setTouchPhase.2,2 FUTÁS KÖZBEN,12 FIELD,-,setTouchPhase,gombfelirat,mind,KOCKA,,,packages/client/src/modules/field/FieldModule.ts:336
732,12.FIELD.setTouchPhase.3,2 FUTÁS KÖZBEN,12 FIELD,-,setTouchPhase,gombfelirat,mind,GÖMB,,,packages/client/src/modules/field/FieldModule.ts:337
733,12.FIELD.setTouchPhase.4,2 FUTÁS KÖZBEN,12 FIELD,-,setTouchPhase,mobil súgósor,mind,Merre villant?,,,packages/client/src/modules/field/FieldModule.ts:344
734,12.FIELD.setTouchPhase.5,2 FUTÁS KÖZBEN,12 FIELD,-,setTouchPhase,mobil súgósor,mind,Merre néz a rés?,,,packages/client/src/modules/field/FieldModule.ts:350
735,12.FIELD.drawDial.6,2 FUTÁS KÖZBEN,12 FIELD,-,drawDial,panelcímke,mind,MERRE VILLANT?,,,packages/client/src/modules/field/FieldModule.ts:914
736,12.FIELD.finish.7,2 FUTÁS KÖZBEN,12 FIELD,-,finish,eredménysor címe,mind,Hasznos látómező sugara,,,packages/client/src/modules/field/FieldModule.ts:1082
737,12.FIELD.finish.8,2 FUTÁS KÖZBEN,12 FIELD,-,finish,eredménysor magyarázata,mind,ennyi elég a felismeréshez,,,packages/client/src/modules/field/FieldModule.ts:1087
738,12.FIELD.finish.9,2 FUTÁS KÖZBEN,12 FIELD,-,finish,eredménysor címe,mind,Küszöbidő,,,packages/client/src/modules/field/FieldModule.ts:1087
739,12.FIELD.finish.10,2 FUTÁS KÖZBEN,12 FIELD,-,finish,eredménysor címe,mind,Zsúfolt háttér ára,,,packages/client/src/modules/field/FieldModule.ts:1089
740,12.FIELD.finish.11,2 FUTÁS KÖZBEN,12 FIELD,-,finish,eredménysor magyarázata,mind,a központi feladat pontossága,,,packages/client/src/modules/field/FieldModule.ts:1092
741,12.FIELD.finish.12,2 FUTÁS KÖZBEN,12 FIELD,-,finish,eredménysor címe,mind,Megosztott figyelem,,,packages/client/src/modules/field/FieldModule.ts:1092
742,12.FIELD.finish.13,2 FUTÁS KÖZBEN,12 FIELD,-,finish,eredménysor címe,mind,Mélységi mező ára,,,packages/client/src/modules/field/FieldModule.ts:1095
743,12.FIELD.finish.14,2 FUTÁS KÖZBEN,12 FIELD,-,finish,eredménysor magyarázata,mind,más távolságban gyengébb,,,packages/client/src/modules/field/FieldModule.ts:1097
744,12.FIELD.finish.15,2 FUTÁS KÖZBEN,12 FIELD,-,finish,eredménysor címe,mind,Mozgó cél,,,packages/client/src/modules/field/FieldModule.ts:1100
745,12.FIELD.finish.16,2 FUTÁS KÖZBEN,12 FIELD,-,finish,eredménysor magyarázata,mind,eddig olvasható a rés,,,packages/client/src/modules/field/FieldModule.ts:1102
746,12.FIELD.finish.17,2 FUTÁS KÖZBEN,12 FIELD,-,finish,eredménysor címe,mind,Külső látómező,,,packages/client/src/modules/field/FieldModule.ts:1106
747,12.FIELD.finish.18,2 FUTÁS KÖZBEN,12 FIELD,-,finish,eredménysor magyarázata,mind,a mezősugár és a mélységi alteszt kimaradt,,,packages/client/src/modules/field/FieldModule.ts:1108
748,12.FIELD.finish.19,2 FUTÁS KÖZBEN,12 FIELD,-,finish,eredménysor címe,mind,FIGYELEM,,,packages/client/src/modules/field/FieldModule.ts:1114
749,12.FIELD.finish.20,2 FUTÁS KÖZBEN,12 FIELD,-,finish,eredménysor magyarázata,mind,a mezősugár túlbecsült lehet,,,packages/client/src/modules/field/FieldModule.ts:1116
750,13.STEADY.calibrate.1,2 FUTÁS KÖZBEN,13 STEADY,-,calibrate,gombfelirat,mind,KÉSZ VAGYOK,,,packages/client/src/modules/steady/SteadyModule.ts:266
751,13.STEADY.calibrate.2,2 FUTÁS KÖZBEN,13 STEADY,-,calibrate,gombfelirat,mind,INDULHAT,,,packages/client/src/modules/steady/SteadyModule.ts:271
752,13.STEADY.runBlock.3,2 FUTÁS KÖZBEN,13 STEADY,-,runBlock,gombfelirat,mind,FOLYTATOM,,,packages/client/src/modules/steady/SteadyModule.ts:306
753,13.STEADY.runBlock.4,2 FUTÁS KÖZBEN,13 STEADY,-,runBlock,gombfelirat,mind,KIHAGYOM,,,packages/client/src/modules/steady/SteadyModule.ts:307
754,13.STEADY.runBlock.5,2 FUTÁS KÖZBEN,13 STEADY,-,runBlock,gombfelirat,mind,KEZDHETJÜK,,,packages/client/src/modules/steady/SteadyModule.ts:320
755,13.STEADY.drawLive.6,2 FUTÁS KÖZBEN,13 STEADY,-,drawLive,panelcímke,mind,ÉLŐ LENGÉS,,,packages/client/src/modules/steady/SteadyModule.ts:604
756,13.STEADY.mean.7,2 FUTÁS KÖZBEN,13 STEADY,-,mean,gombfelirat,mind,Testlengés,,,packages/client/src/modules/steady/SteadyModule.ts:795
757,13.STEADY.mean.8,2 FUTÁS KÖZBEN,13 STEADY,-,mean,mobil súgósor,mind,a lengés területe nyitott szemmel,,,packages/client/src/modules/steady/SteadyModule.ts:796
758,13.STEADY.mean.9,2 FUTÁS KÖZBEN,13 STEADY,-,mean,mobil súgósor,mind,ennyivel nő sötétben,,,packages/client/src/modules/steady/SteadyModule.ts:797
759,13.STEADY.mean.10,2 FUTÁS KÖZBEN,13 STEADY,-,mean,gombfelirat,mind,Romberg-hányados,,,packages/client/src/modules/steady/SteadyModule.ts:797
760,13.STEADY.mean.11,2 FUTÁS KÖZBEN,13 STEADY,-,mean,gombfelirat,mind,Vizuális függés,,,packages/client/src/modules/steady/SteadyModule.ts:798
761,13.STEADY.mean.12,2 FUTÁS KÖZBEN,13 STEADY,-,mean,mobil súgósor,mind,ennyivel nagyobb a lengés,,,packages/client/src/modules/steady/SteadyModule.ts:803
762,13.STEADY.mean.13,2 FUTÁS KÖZBEN,13 STEADY,-,mean,gombfelirat,mind,Egy lábon,,,packages/client/src/modules/steady/SteadyModule.ts:803
763,13.STEADY.mean.14,2 FUTÁS KÖZBEN,13 STEADY,-,mean,mobil súgósor,mind,a pontszám a többi részből áll,,,packages/client/src/modules/steady/SteadyModule.ts:804
764,13.STEADY.mean.15,2 FUTÁS KÖZBEN,13 STEADY,-,mean,gombfelirat,mind,Kéztremor,,,packages/client/src/modules/steady/SteadyModule.ts:805
765,13.STEADY.mean.16,2 FUTÁS KÖZBEN,13 STEADY,-,mean,mobil súgósor,mind,a két kéz eltérése,,,packages/client/src/modules/steady/SteadyModule.ts:807
766,13.STEADY.mean.17,2 FUTÁS KÖZBEN,13 STEADY,-,mean,gombfelirat,mind,Kézkülönbség,,,packages/client/src/modules/steady/SteadyModule.ts:807
767,14.RHYTHM.resolved.1,2 FUTÁS KÖZBEN,14 RHYTHM,-,resolved,mobil súgósor,mind,szórás — a fő mutató,,,packages/client/src/modules/rhythm/RhythmModule.ts:832
768,14.RHYTHM.resolved.2,2 FUTÁS KÖZBEN,14 RHYTHM,-,resolved,gombfelirat,mind,Időzítési pontosság,,,packages/client/src/modules/rhythm/RhythmModule.ts:832
769,14.RHYTHM.resolved.3,2 FUTÁS KÖZBEN,14 RHYTHM,-,resolved,gombfelirat,mind,Előretartás,,,packages/client/src/modules/rhythm/RhythmModule.ts:834
770,14.RHYTHM.resolved.4,2 FUTÁS KÖZBEN,14 RHYTHM,-,resolved,mobil súgósor,mind,hang nélkül ennyit ingadozol,,,packages/client/src/modules/rhythm/RhythmModule.ts:837
771,14.RHYTHM.resolved.5,2 FUTÁS KÖZBEN,14 RHYTHM,-,resolved,gombfelirat,mind,Belső óra,,,packages/client/src/modules/rhythm/RhythmModule.ts:837
772,14.RHYTHM.resolved.6,2 FUTÁS KÖZBEN,14 RHYTHM,-,resolved,gombfelirat,mind,Tempódrift,,,packages/client/src/modules/rhythm/RhythmModule.ts:839
773,14.RHYTHM.resolved.7,2 FUTÁS KÖZBEN,14 RHYTHM,-,resolved,gombfelirat,mind,Mozgó ütem előnye,,,packages/client/src/modules/rhythm/RhythmModule.ts:846
774,14.RHYTHM.resolved.8,2 FUTÁS KÖZBEN,14 RHYTHM,-,resolved,gombfelirat,mind,Keresztritmus,,,packages/client/src/modules/rhythm/RhythmModule.ts:855
775,15.ADAPT.setupTouchControls.1,2 FUTÁS KÖZBEN,15 ADAPT,-,setupTouchControls,mobil súgósor,mind,"Húzd az ujjad a középső pontból a célgömb felé, egy határozott mozdulattal.",,,packages/client/src/modules/adapt/AdaptModule.ts:246
776,15.ADAPT.finish.2,2 FUTÁS KÖZBEN,15 ADAPT,-,finish,eredménysor címe,mind,Tanulási ráta,,,packages/client/src/modules/adapt/AdaptModule.ts:785
777,15.ADAPT.finish.3,2 FUTÁS KÖZBEN,15 ADAPT,-,finish,eredménysor magyarázata,mind,a görbe nem illeszthető — valószínűleg nem adaptáltál,,,packages/client/src/modules/adapt/AdaptModule.ts:786
778,15.ADAPT.finish.4,2 FUTÁS KÖZBEN,15 ADAPT,-,finish,eredménysor magyarázata,mind,ennyi alatt tetted meg a javulás 63%-át,,,packages/client/src/modules/adapt/AdaptModule.ts:789
779,15.ADAPT.finish.5,2 FUTÁS KÖZBEN,15 ADAPT,-,finish,eredménysor magyarázata,mind,"lassan tanultál — a blokk véget ért, mielőtt a görbe beállt volna, ezért ez alsó becslés",,,packages/client/src/modules/adapt/AdaptModule.ts:791
780,15.ADAPT.finish.6,2 FUTÁS KÖZBEN,15 ADAPT,-,finish,eredménysor magyarázata,mind,ennyi hiba maradt,,,packages/client/src/modules/adapt/AdaptModule.ts:793
781,15.ADAPT.finish.7,2 FUTÁS KÖZBEN,15 ADAPT,-,finish,eredménysor címe,mind,Végső pontosság,,,packages/client/src/modules/adapt/AdaptModule.ts:793
782,15.ADAPT.finish.8,2 FUTÁS KÖZBEN,15 ADAPT,-,finish,eredménysor magyarázata,mind,ennyi épült be tudattalanul,,,packages/client/src/modules/adapt/AdaptModule.ts:794
783,15.ADAPT.finish.9,2 FUTÁS KÖZBEN,15 ADAPT,-,finish,eredménysor címe,mind,Utóhatás,,,packages/client/src/modules/adapt/AdaptModule.ts:794
784,15.ADAPT.finish.10,2 FUTÁS KÖZBEN,15 ADAPT,-,finish,eredménysor címe,mind,Beépült arány,,,packages/client/src/modules/adapt/AdaptModule.ts:795
785,15.ADAPT.finish.11,2 FUTÁS KÖZBEN,15 ADAPT,-,finish,eredménysor magyarázata,mind,becsült implicit rész,,,packages/client/src/modules/adapt/AdaptModule.ts:796
786,15.ADAPT.finish.12,2 FUTÁS KÖZBEN,15 ADAPT,-,finish,eredménysor címe,mind,Újratanulás,,,packages/client/src/modules/adapt/AdaptModule.ts:797
787,15.ADAPT.finish.13,2 FUTÁS KÖZBEN,15 ADAPT,-,finish,eredménysor magyarázata,mind,ennyivel gyorsabb volt másodszorra,,,packages/client/src/modules/adapt/AdaptModule.ts:799
788,15.ADAPT.finish.14,2 FUTÁS KÖZBEN,15 ADAPT,-,finish,eredménysor címe,mind,Térbeli átvitel,,,packages/client/src/modules/adapt/AdaptModule.ts:801
789,15.ADAPT.finish.15,2 FUTÁS KÖZBEN,15 ADAPT,-,finish,eredménysor magyarázata,mind,más magasságban ennyire működött,,,packages/client/src/modules/adapt/AdaptModule.ts:802
790,15.ADAPT.finish.16,2 FUTÁS KÖZBEN,15 ADAPT,-,finish,eredménysor magyarázata,mind,az elevációs próbapontok kimaradtak,,,packages/client/src/modules/adapt/AdaptModule.ts:803
791,16.HANDS.calibrate.1,2 FUTÁS KÖZBEN,16 HANDS,-,calibrate,státuszsor,mind,"Melyik a domináns kezed? Emeld fel azt a kezed, és húzd meg a ravaszt.",,,packages/client/src/modules/hands/HandsModule.ts:444
792,16.HANDS.runAssembly.2,2 FUTÁS KÖZBEN,16 HANDS,-,runAssembly,státuszsor,mind,Tengely JOBB kézzel · alátét BAL · gallér JOBB · alátét BAL,,,packages/client/src/modules/hands/HandsModule.ts:652
793,16.HANDS.finish.3,2 FUTÁS KÖZBEN,16 HANDS,-,finish,eredménysor címe,mind,Elhelyezés,,,packages/client/src/modules/hands/HandsModule.ts:1172
794,16.HANDS.finish.4,2 FUTÁS KÖZBEN,16 HANDS,-,finish,eredménysor címe,mind,Pontosság,,,packages/client/src/modules/hands/HandsModule.ts:1177
795,16.HANDS.finish.5,2 FUTÁS KÖZBEN,16 HANDS,-,finish,eredménysor magyarázata,mind,"a furat közepétől, medián",,,packages/client/src/modules/hands/HandsModule.ts:1178
796,16.HANDS.finish.6,2 FUTÁS KÖZBEN,16 HANDS,-,finish,eredménysor címe,mind,Mozgássimaság,,,packages/client/src/modules/hands/HandsModule.ts:1181
797,16.HANDS.finish.7,2 FUTÁS KÖZBEN,16 HANDS,-,finish,eredménysor címe,mind,Pályaérintés,,,packages/client/src/modules/hands/HandsModule.ts:1185
798,16.HANDS.finish.8,2 FUTÁS KÖZBEN,16 HANDS,-,finish,eredménysor címe,mind,Kétkezes hatékonyság,,,packages/client/src/modules/hands/HandsModule.ts:1189
799,16.HANDS.finish.9,2 FUTÁS KÖZBEN,16 HANDS,-,finish,eredménysor címe,mind,Forgatási költség,,,packages/client/src/modules/hands/HandsModule.ts:1195
800,16.HANDS.finish.10,2 FUTÁS KÖZBEN,16 HANDS,-,finish,eredménysor magyarázata,mind,ennyivel lassabb a kulcsos pálcika,,,packages/client/src/modules/hands/HandsModule.ts:1196
801,17.RISK.runBlock.1,2 FUTÁS KÖZBEN,17 RISK,-,runBlock,visszajelzés,mind,"Próbáld ki a beváltást is, hogy tudd, hogyan működik.",,,packages/client/src/modules/risk/RiskModule.ts:351
802,17.RISK.runBalloon.2,2 FUTÁS KÖZBEN,17 RISK,-,runBalloon,visszajelzés,mind,KIDURRANT — a tét elveszett,,,packages/client/src/modules/risk/RiskModule.ts:433
803,17.RISK.setBalloonControls.3,2 FUTÁS KÖZBEN,17 RISK,-,setBalloonControls,mobil súgósor,mind,Meddig mész el? A beváltott pont a tiéd.,,,packages/client/src/modules/risk/RiskModule.ts:485
804,17.RISK.setBalloonControls.4,2 FUTÁS KÖZBEN,17 RISK,-,setBalloonControls,gombfelirat,mind,PUMPA,,,packages/client/src/modules/risk/RiskModule.ts:487
805,17.RISK.setBalloonControls.5,2 FUTÁS KÖZBEN,17 RISK,-,setBalloonControls,gombfelirat,mind,BEVÁLTÁS,,,packages/client/src/modules/risk/RiskModule.ts:488
806,17.RISK.setBalloonControls.6,2 FUTÁS KÖZBEN,17 RISK,-,setBalloonControls,gomb alsó sor,mind,a tét a bankba,,,packages/client/src/modules/risk/RiskModule.ts:488
807,17.RISK.setCardControls.7,2 FUTÁS KÖZBEN,17 RISK,-,setCardControls,mobil súgósor,mind,"Válassz paklit. Van, amelyik többet hoz, mint amennyit visz.",,,packages/client/src/modules/risk/RiskModule.ts:580
808,17.RISK.drawBank.8,2 FUTÁS KÖZBEN,17 RISK,-,drawBank,panelszöveg,mind,BANK,,,packages/client/src/modules/risk/RiskModule.ts:745
809,17.RISK.drawBank.9,2 FUTÁS KÖZBEN,17 RISK,-,drawBank,panelszöveg,mind,TÉT,,,packages/client/src/modules/risk/RiskModule.ts:752
810,17.RISK.finish.10,2 FUTÁS KÖZBEN,17 RISK,-,finish,eredménysor címe,mind,Megfigyelt megállási pont,,,packages/client/src/modules/risk/RiskModule.ts:916
811,17.RISK.finish.11,2 FUTÁS KÖZBEN,17 RISK,-,finish,eredménysor magyarázata,mind,a fel nem robbant léggömbök átlaga,,,packages/client/src/modules/risk/RiskModule.ts:917
812,17.RISK.finish.12,2 FUTÁS KÖZBEN,17 RISK,-,finish,eredménysor címe,mind,Illeszkedés a valószínűségekhez,,,packages/client/src/modules/risk/RiskModule.ts:920
813,17.RISK.finish.13,2 FUTÁS KÖZBEN,17 RISK,-,finish,eredménysor címe,mind,Tanulás a visszajelzésből,,,packages/client/src/modules/risk/RiskModule.ts:927
814,17.RISK.finish.14,2 FUTÁS KÖZBEN,17 RISK,-,finish,eredménysor címe,mind,Veszteség után,,,packages/client/src/modules/risk/RiskModule.ts:934
815,17.RISK.finish.15,2 FUTÁS KÖZBEN,17 RISK,-,finish,eredménysor címe,mind,Döntési állandóság,,,packages/client/src/modules/risk/RiskModule.ts:940
816,17.RISK.finish.16,2 FUTÁS KÖZBEN,17 RISK,-,finish,eredménysor magyarázata,mind,az utolsó húsz kártyán,,,packages/client/src/modules/risk/RiskModule.ts:942
817,17.RISK.finish.17,2 FUTÁS KÖZBEN,17 RISK,-,finish,eredménysor címe,mind,Közeledő tét hatása,,,packages/client/src/modules/risk/RiskModule.ts:948
818,17.RISK.finish.18,2 FUTÁS KÖZBEN,17 RISK,-,finish,eredménysor magyarázata,mind,ehhez VR kell: sík képernyőn a közeledést semmi nem hordozza,,,packages/client/src/modules/risk/RiskModule.ts:955
819,18.PROTOCOL.calibrate.1,2 FUTÁS KÖZBEN,18 PROTOCOL,-,calibrate,státuszsor,mind,"Fordulj körbe egyszer. Hat állomás van, sorszámozva — jegyezd meg, hol vannak.",,,packages/client/src/modules/protocol/ProtocolModule.ts:345
820,18.PROTOCOL.runBlock.2,2 FUTÁS KÖZBEN,18 PROTOCOL,-,runBlock,státuszsor,mind,"Most magadtól, kivilágítás nélkül.",,,packages/client/src/modules/protocol/ProtocolModule.ts:371
821,18.PROTOCOL.runBlock.3,2 FUTÁS KÖZBEN,18 PROTOCOL,-,runBlock,státuszsor,mind,"Most fogy az idő. A sorrend fontosabb, mint a sebesség.",,,packages/client/src/modules/protocol/ProtocolModule.ts:391
822,18.PROTOCOL.withAlpha.4,2 FUTÁS KÖZBEN,18 PROTOCOL,-,withAlpha,panelszöveg,mind,OK,,,packages/client/src/modules/protocol/ProtocolModule.ts:826
823,18.PROTOCOL.drawInterruption.5,2 FUTÁS KÖZBEN,18 PROTOCOL,-,drawInterruption,panelszöveg,mind,MEGSZAKÍTÁS,,,packages/client/src/modules/protocol/ProtocolModule.ts:843
824,18.PROTOCOL.drawInterruption.6,2 FUTÁS KÖZBEN,18 PROTOCOL,-,drawInterruption,panelszöveg,mind,Melyik nem illik a többihez?,,,packages/client/src/modules/protocol/ProtocolModule.ts:847
825,18.PROTOCOL.finish.7,2 FUTÁS KÖZBEN,18 PROTOCOL,-,finish,eredménysor címe,mind,Eljáráshűség,,,packages/client/src/modules/protocol/ProtocolModule.ts:1031
826,18.PROTOCOL.finish.8,2 FUTÁS KÖZBEN,18 PROTOCOL,-,finish,eredménysor címe,mind,Kihagyott lépés,,,packages/client/src/modules/protocol/ProtocolModule.ts:1035
827,18.PROTOCOL.finish.9,2 FUTÁS KÖZBEN,18 PROTOCOL,-,finish,eredménysor címe,mind,Helyreállás megszakítás után,,,packages/client/src/modules/protocol/ProtocolModule.ts:1039
828,18.PROTOCOL.finish.10,2 FUTÁS KÖZBEN,18 PROTOCOL,-,finish,eredménysor címe,mind,Időnyomás alatt,,,packages/client/src/modules/protocol/ProtocolModule.ts:1045
829,18.PROTOCOL.finish.11,2 FUTÁS KÖZBEN,18 PROTOCOL,-,finish,eredménysor magyarázata,mind,három vezetett menet után,,,packages/client/src/modules/protocol/ProtocolModule.ts:1051
830,18.PROTOCOL.finish.12,2 FUTÁS KÖZBEN,18 PROTOCOL,-,finish,eredménysor címe,mind,Sorrend megőrzése,,,packages/client/src/modules/protocol/ProtocolModule.ts:1051
831,18.PROTOCOL.finish.13,2 FUTÁS KÖZBEN,18 PROTOCOL,-,finish,eredménysor címe,mind,Változás átvétele,,,packages/client/src/modules/protocol/ProtocolModule.ts:1053
832,19.INTENT.calibrate.1,2 FUTÁS KÖZBEN,19 INTENT,-,calibrate,kérdéssor,mind,"Így néz ki egy teljes mozdulat. Kétszer megmutatom, takarás nélkül.",,,packages/client/src/modules/intent/IntentModule.ts:265
833,19.INTENT.runTrial.2,2 FUTÁS KÖZBEN,19 INTENT,-,runTrial,kérdéssor,mind,Mennyire vagy biztos benne?,,,packages/client/src/modules/intent/IntentModule.ts:427
834,19.INTENT.setDirectionControls.3,2 FUTÁS KÖZBEN,19 INTENT,-,setDirectionControls,gombfelirat,mind,FELÉM,,,packages/client/src/modules/intent/IntentModule.ts:520
835,19.INTENT.setDirectionControls.4,2 FUTÁS KÖZBEN,19 INTENT,-,setDirectionControls,gombfelirat,mind,TŐLEM EL,,,packages/client/src/modules/intent/IntentModule.ts:521
836,19.INTENT.setDirectionControls.5,2 FUTÁS KÖZBEN,19 INTENT,-,setDirectionControls,gombfelirat,mind,BAL,,,packages/client/src/modules/intent/IntentModule.ts:524
837,19.INTENT.setDirectionControls.6,2 FUTÁS KÖZBEN,19 INTENT,-,setDirectionControls,gombfelirat,mind,JOBB,,,packages/client/src/modules/intent/IntentModule.ts:525
838,19.INTENT.setConfidenceControls.7,2 FUTÁS KÖZBEN,19 INTENT,-,setConfidenceControls,mobil súgósor,mind,Mennyire vagy biztos benne?,,,packages/client/src/modules/intent/IntentModule.ts:535
839,19.INTENT.setConfidenceControls.8,2 FUTÁS KÖZBEN,19 INTENT,-,setConfidenceControls,gombfelirat,mind,TIPP,,,packages/client/src/modules/intent/IntentModule.ts:537
840,19.INTENT.setConfidenceControls.9,2 FUTÁS KÖZBEN,19 INTENT,-,setConfidenceControls,gombfelirat,mind,TALÁN,,,packages/client/src/modules/intent/IntentModule.ts:538
841,19.INTENT.setConfidenceControls.10,2 FUTÁS KÖZBEN,19 INTENT,-,setConfidenceControls,gombfelirat,mind,BIZTOS,,,packages/client/src/modules/intent/IntentModule.ts:539
842,19.INTENT.drawConfidence.11,2 FUTÁS KÖZBEN,19 INTENT,-,drawConfidence,panelszöveg,mind,MENNYIRE VAGY BIZTOS BENNE?,,,packages/client/src/modules/intent/IntentModule.ts:629
843,19.INTENT.finish.12,2 FUTÁS KÖZBEN,19 INTENT,-,finish,eredménysor magyarázata,mind,a nem megtévesztő próbákon,,,packages/client/src/modules/intent/IntentModule.ts:789
844,19.INTENT.finish.13,2 FUTÁS KÖZBEN,19 INTENT,-,finish,eredménysor címe,mind,Előrejelzés pontossága,,,packages/client/src/modules/intent/IntentModule.ts:789
845,19.INTENT.finish.14,2 FUTÁS KÖZBEN,19 INTENT,-,finish,eredménysor címe,mind,Legkorábbi megbízható pont,,,packages/client/src/modules/intent/IntentModule.ts:791
846,19.INTENT.finish.15,2 FUTÁS KÖZBEN,19 INTENT,-,finish,eredménysor címe,mind,Megtévesztésre,,,packages/client/src/modules/intent/IntentModule.ts:799
847,19.INTENT.finish.16,2 FUTÁS KÖZBEN,19 INTENT,-,finish,eredménysor címe,mind,Magabiztosság-kalibráció,,,packages/client/src/modules/intent/IntentModule.ts:805
848,19.INTENT.finish.17,2 FUTÁS KÖZBEN,19 INTENT,-,finish,eredménysor magyarázata,mind,szemből mínusz oldalról,,,packages/client/src/modules/intent/IntentModule.ts:809
849,19.INTENT.finish.18,2 FUTÁS KÖZBEN,19 INTENT,-,finish,eredménysor címe,mind,Nézőpont ára,,,packages/client/src/modules/intent/IntentModule.ts:809
850,19.INTENT.finish.19,2 FUTÁS KÖZBEN,19 INTENT,-,finish,eredménysor címe,mind,Mélységi szándék,,,packages/client/src/modules/intent/IntentModule.ts:814
851,19.INTENT.finish.20,2 FUTÁS KÖZBEN,19 INTENT,-,finish,eredménysor magyarázata,mind,"feléd vagy tőled el, állandó látszó méret mellett",,,packages/client/src/modules/intent/IntentModule.ts:815
852,19.INTENT.finish.21,2 FUTÁS KÖZBEN,19 INTENT,-,finish,eredménysor magyarázata,mind,ehhez VR kell: állandó szögméret mellett a mélységet csak a diszparitás hordozza,,,packages/client/src/modules/intent/IntentModule.ts:819
853,01.SIGNAL.subtitle,3 KATALÓGUS,01 SIGNAL,-,kártya,alcím,mind,Vizuális keresés & anomália-észlelés,,,packages/shared/src/modules.ts
854,01.SIGNAL.summary,3 KATALÓGUS,01 SIGNAL,-,kártya,összefoglaló,mind,"Sok hasonló objektum között kevés releváns célpont. Megtalálni, követni, változást észlelni - gyorsan és pontosan, perifériáról is.",,,packages/shared/src/modules.ts
855,01.SIGNAL.domA.headline,3 KATALÓGUS,01 SIGNAL,-,védelmi terület,fejléc,mind,Fenyegetés- és anomália-észlelés,,,packages/shared/src/modules.ts
856,01.SIGNAL.domA.rationale,3 KATALÓGUS,01 SIGNAL,-,védelmi terület,indoklás,mind,"Megfigyelői, felderítő és őrszolgálati feladatok magja: zajos környezetből kiemelni a releváns keveset, mielőtt az számítana.",,,packages/shared/src/modules.ts
857,01.SIGNAL.domB.headline,3 KATALÓGUS,01 SIGNAL,-,munka terület,fejléc,mind,Hibafelismerés és minőségellenőrzés,,,packages/shared/src/modules.ts
858,01.SIGNAL.domB.rationale,3 KATALÓGUS,01 SIGNAL,-,munka terület,indoklás,mind,"Radarkép, műszerfal, gyártósor, röntgenfelvétel: ugyanaz a képesség dönti el, hogy a ritka eltérés feltűnik-e időben.",,,packages/shared/src/modules.ts
859,01.SIGNAL.domC.headline,3 KATALÓGUS,01 SIGNAL,-,sport terület,fejléc,mind,Játéktér-olvasás,,,packages/shared/src/modules.ts
860,01.SIGNAL.domC.rationale,3 KATALÓGUS,01 SIGNAL,-,sport terület,indoklás,mind,"Csapatsportokban a szabad ember megtalálása mozgó, hasonló ingerek közül - a ""látja a pályát"" képesség mérhető magja.",,,packages/shared/src/modules.ts
861,01.SIGNAL.construct.visual_search,3 KATALÓGUS,01 SIGNAL,-,képességlista,képesség,mind,Vizuális keresés,,,packages/shared/src/modules.ts
862,01.SIGNAL.construct.selective_attention,3 KATALÓGUS,01 SIGNAL,-,képességlista,képesség,mind,Szelektív figyelem,,,packages/shared/src/modules.ts
863,01.SIGNAL.construct.change_detection,3 KATALÓGUS,01 SIGNAL,-,képességlista,képesség,mind,Változásészlelés,,,packages/shared/src/modules.ts
864,01.SIGNAL.construct.pattern_recognition,3 KATALÓGUS,01 SIGNAL,-,képességlista,képesség,mind,Mintázatfelismerés,,,packages/shared/src/modules.ts
865,01.SIGNAL.construct.peripheral_perception,3 KATALÓGUS,01 SIGNAL,-,képességlista,képesség,mind,Perifériás észlelés,,,packages/shared/src/modules.ts
866,01.SIGNAL.construct.scan_coverage,3 KATALÓGUS,01 SIGNAL,-,képességlista,képesség,mind,Pásztázási hatékonyság,,,packages/shared/src/modules.ts
867,01.SIGNAL.varA.label,3 KATALÓGUS,01 SIGNAL,A,változatválasztó,név,mind,Alap,,,packages/shared/src/modules.ts
868,01.SIGNAL.varA.subtitle,3 KATALÓGUS,01 SIGNAL,A,változatválasztó,alcím,mind,Keresés egy gömbhéjon,,,packages/shared/src/modules.ts
869,01.SIGNAL.varA.summary,3 KATALÓGUS,01 SIGNAL,A,változatválasztó,leírás,mind,"A klasszikus elrendezés: minden objektum azonos távolságban, egy ívelt felületen. Minden platformon fut, és a szakirodalmi keresési meredekséggel közvetlenül összevethető.",,,packages/shared/src/modules.ts
870,01.SIGNAL.varB.label,3 KATALÓGUS,01 SIGNAL,B,változatválasztó,név,mind,Térbeli,,,packages/shared/src/modules.ts
871,01.SIGNAL.varB.subtitle,3 KATALÓGUS,01 SIGNAL,B,változatválasztó,alcím,mind,"Keresés térfogatban, 360 fokban",,,packages/shared/src/modules.ts
872,01.SIGNAL.varB.summary,3 KATALÓGUS,01 SIGNAL,B,változatválasztó,leírás,mind,"Az objektumok három mélységi rétegben és körben helyezkednek el. Méri, hogy a mélység tudja-e vezérelni a keresést, mennyibe kerül a testfordulás, és mi történik, amikor a követett tárgyak egymás mögé futnak. Headset ajánlott.",,,packages/shared/src/modules.ts
873,02.SPACE.subtitle,3 KATALÓGUS,02 SPACE,-,kártya,alcím,mind,Térbeli orientáció & mentális forgatás,,,packages/shared/src/modules.ts
874,02.SPACE.summary,3 KATALÓGUS,02 SPACE,-,kártya,összefoglaló,mind,"Shepard-Metzler mentális forgatás. Külön rendszerként már elkészült, a platform külső modulként indítja és az eredményt azonosító alapján fűzi vissza.",,,packages/shared/src/modules.ts
875,02.SPACE.domA.headline,3 KATALÓGUS,02 SPACE,-,védelmi terület,fejléc,mind,Térbeli modellezés,,,packages/shared/src/modules.ts
876,02.SPACE.domA.rationale,3 KATALÓGUS,02 SPACE,-,védelmi terület,indoklás,mind,"Térkép-terep megfeleltetés, épületbelső elképzelése, műszaki tervrajz olvasása.",,,packages/shared/src/modules.ts
877,02.SPACE.domB.headline,3 KATALÓGUS,02 SPACE,-,munka terület,fejléc,mind,Műszaki-téri gondolkodás,,,packages/shared/src/modules.ts
878,02.SPACE.domB.rationale,3 KATALÓGUS,02 SPACE,-,munka terület,indoklás,mind,"Sebészi, fogászati, gépészmérnöki és szerelői munkakörök egyik legjobban prediktáló képessége; pályaorientációnál a műszaki irány erős jelzője.",,,packages/shared/src/modules.ts
879,02.SPACE.domC.headline,3 KATALÓGUS,02 SPACE,-,sport terület,fejléc,mind,Testséma és térbeli forgatás,,,packages/shared/src/modules.ts
880,02.SPACE.domC.rationale,3 KATALÓGUS,02 SPACE,-,sport terület,indoklás,mind,Forgásokat tartalmazó sportágakban a saját test térbeli helyzetének nyomon követése (légtudat) szorosan összefügg a mentális forgatással.,,,packages/shared/src/modules.ts
881,02.SPACE.construct.mental_rotation,3 KATALÓGUS,02 SPACE,-,képességlista,képesség,mind,Mentális forgatás,,,packages/shared/src/modules.ts
882,02.SPACE.construct.spatial_perception_3d,3 KATALÓGUS,02 SPACE,-,képességlista,képesség,mind,3D téri észlelés,,,packages/shared/src/modules.ts
883,02.SPACE.construct.object_assembly,3 KATALÓGUS,02 SPACE,-,képességlista,képesség,mind,Objektum-összeillesztés,,,packages/shared/src/modules.ts
884,02.SPACE.construct.depth_perception,3 KATALÓGUS,02 SPACE,-,képességlista,képesség,mind,Mélységészlelés,,,packages/shared/src/modules.ts
885,03.NAV.subtitle,3 KATALÓGUS,03 NAV,-,kártya,alcím,mind,Navigáció & téri memória,,,packages/shared/src/modules.ts
886,03.NAV.summary,3 KATALÓGUS,03 NAV,-,kártya,összefoglaló,mind,"Útvonaltanulás, tájékozódás, irányérzék és útvonal-visszaidézés procedurális vagy valós domborzaton.",,,packages/shared/src/modules.ts
887,03.NAV.domA.headline,3 KATALÓGUS,03 NAV,-,védelmi terület,fejléc,mind,Terepen való tájékozódás,,,packages/shared/src/modules.ts
888,03.NAV.domA.rationale,3 KATALÓGUS,03 NAV,-,védelmi terület,indoklás,mind,"Térképolvasás, iránytartás, útvonaltervezés, eltévedés utáni helyreállás.",,,packages/shared/src/modules.ts
889,03.NAV.domB.headline,3 KATALÓGUS,03 NAV,-,munka terület,fejléc,mind,Mozgó munkavégzés térben,,,packages/shared/src/modules.ts
890,03.NAV.domB.rationale,3 KATALÓGUS,03 NAV,-,munka terület,indoklás,mind,"Nagy létesítményekben, hálózatokon vagy vonalakon dolgozók tájékozódási terhelése; mentők, tűzoltók, karbantartók.",,,packages/shared/src/modules.ts
891,03.NAV.domC.headline,3 KATALÓGUS,03 NAV,-,sport terület,fejléc,mind,Terepi és nyíltvízi tájékozódás,,,packages/shared/src/modules.ts
892,03.NAV.domC.rationale,3 KATALÓGUS,03 NAV,-,sport terület,indoklás,mind,"Tájfutás, terepfutás, túrakerékpár, vitorlázás alapképessége.",,,packages/shared/src/modules.ts
893,03.NAV.construct.spatial_memory,3 KATALÓGUS,03 NAV,-,képességlista,képesség,mind,Téri memória,,,packages/shared/src/modules.ts
894,03.NAV.construct.direction_sense,3 KATALÓGUS,03 NAV,-,képességlista,képesség,mind,Irányérzék,,,packages/shared/src/modules.ts
895,03.NAV.construct.route_planning,3 KATALÓGUS,03 NAV,-,képességlista,képesség,mind,Útvonaltervezés,,,packages/shared/src/modules.ts
896,03.NAV.construct.wayfinding_memory,3 KATALÓGUS,03 NAV,-,képességlista,képesség,mind,Tájékozódási memória,,,packages/shared/src/modules.ts
897,03.NAV.construct.lost_position_recognition,3 KATALÓGUS,03 NAV,-,képességlista,képesség,mind,Eltévedés felismerése,,,packages/shared/src/modules.ts
898,04.REACT.subtitle,3 KATALÓGUS,04 REACT,-,kártya,alcím,mind,Reakcióidő & pszichomotoros kontroll,,,packages/shared/src/modules.ts
899,04.REACT.summary,3 KATALÓGUS,04 REACT,-,kártya,összefoglaló,mind,"Öt blokk: egyszerű reakció, választásos reakció, célra mutatás, folyamatos követés, kétkezes koordináció. A platform pszichomotoros alapmérése.",,,packages/shared/src/modules.ts
900,04.REACT.domA.headline,3 KATALÓGUS,04 REACT,-,védelmi terület,fejléc,mind,Reakció és fegyverkezelési alapmotorika,,,packages/shared/src/modules.ts
901,04.REACT.domA.rationale,3 KATALÓGUS,04 REACT,-,védelmi terület,indoklás,mind,"Minden időkritikus katonai feladat alsó korlátja. A reakcióidő szórása fáradtságra és alváshiányra érzékenyebb, mint az átlag - ezért is mérjük külön.",,,packages/shared/src/modules.ts
902,04.REACT.domB.headline,3 KATALÓGUS,04 REACT,-,munka terület,fejléc,mind,Biztonságkritikus reakcióképesség,,,packages/shared/src/modules.ts
903,04.REACT.domB.rationale,3 KATALÓGUS,04 REACT,-,munka terület,indoklás,mind,A vezetői alkalmasság klasszikus magja. A lapszus-arány (>500 ms válaszok) a műszakos fáradtság legjobb rövid indikátora.,,,packages/shared/src/modules.ts
904,04.REACT.domC.headline,3 KATALÓGUS,04 REACT,-,sport terület,fejléc,mind,Startreakció és követőmozgás,,,packages/shared/src/modules.ts
905,04.REACT.domC.rationale,3 KATALÓGUS,04 REACT,-,sport terület,indoklás,mind,"Rajtreakció, ütés-elhárítás, labdakövetés. A követési blokk a folyamatos vizuomotoros kontrollt méri, ami sportágcsoportot jól elkülönít.",,,packages/shared/src/modules.ts
906,04.REACT.construct.simple_reaction_time,3 KATALÓGUS,04 REACT,-,képességlista,képesség,mind,Egyszerű reakcióidő,,,packages/shared/src/modules.ts
907,04.REACT.construct.choice_reaction_time,3 KATALÓGUS,04 REACT,-,képességlista,képesség,mind,Választásos reakcióidő,,,packages/shared/src/modules.ts
908,04.REACT.construct.hand_eye_coordination,3 KATALÓGUS,04 REACT,-,képességlista,képesség,mind,Szem-kéz koordináció,,,packages/shared/src/modules.ts
909,04.REACT.construct.target_tracking,3 KATALÓGUS,04 REACT,-,képességlista,képesség,mind,Célkövetés,,,packages/shared/src/modules.ts
910,04.REACT.construct.fine_motor_accuracy,3 KATALÓGUS,04 REACT,-,képességlista,képesség,mind,Finommotoros pontosság,,,packages/shared/src/modules.ts
911,04.REACT.construct.bimanual_coordination,3 KATALÓGUS,04 REACT,-,képességlista,képesség,mind,Kétkezes koordináció,,,packages/shared/src/modules.ts
912,04.REACT.construct.sensorimotor_integration,3 KATALÓGUS,04 REACT,-,képességlista,képesség,mind,Szenzomotoros integráció,,,packages/shared/src/modules.ts
913,04.REACT.construct.processing_speed,3 KATALÓGUS,04 REACT,-,képességlista,képesség,mind,Feldolgozási sebesség,,,packages/shared/src/modules.ts
914,04.REACT.construct.speed_accuracy_tradeoff,3 KATALÓGUS,04 REACT,-,képességlista,képesség,mind,Sebesség-pontosság egyensúly,,,packages/shared/src/modules.ts
915,04.REACT.varA.label,3 KATALÓGUS,04 REACT,A,változatválasztó,név,mind,Alap,,,packages/shared/src/modules.ts
916,04.REACT.varA.subtitle,3 KATALÓGUS,04 REACT,A,változatválasztó,alcím,mind,Reakció és követés egy síkon,,,packages/shared/src/modules.ts
917,04.REACT.varA.summary,3 KATALÓGUS,04 REACT,A,változatválasztó,leírás,mind,"Az ingerek egyetlen, 2,2 méteres síkon jelennek meg. Ez a széles platformtámogatású változat: egérrel és érintéssel is fut, és a klasszikus reakcióidő-tartományokkal összevethető.",,,packages/shared/src/modules.ts
918,04.REACT.varB.label,3 KATALÓGUS,04 REACT,B,változatválasztó,név,mind,Térbeli,,,packages/shared/src/modules.ts
919,04.REACT.varB.subtitle,3 KATALÓGUS,04 REACT,B,változatválasztó,alcím,mind,Nyúlás és elfogás karnyújtásnyira,,,packages/shared/src/modules.ts
920,04.REACT.varB.summary,3 KATALÓGUS,04 REACT,B,változatválasztó,leírás,mind,"Valódi nyúlás három távolságban (3D Fitts), közeledő tárgyak elfogása, mélységi komponensű követés, kétkezes koordináció eltérő távolságban. Csak headsettel értelmes.",,,packages/shared/src/modules.ts
921,05.MULTI.subtitle,3 KATALÓGUS,05 MULTI,-,kártya,alcím,mind,Többfeladatos terhelés,,,packages/shared/src/modules.ts
922,05.MULTI.summary,3 KATALÓGUS,05 MULTI,-,kártya,összefoglaló,mind,"Négy állomás egyszerre: követés, rendszerfigyelés, erőforrás-tartás, hangkommunikáció. Kiemelt mutató a dual-task cost.",,,packages/shared/src/modules.ts
923,05.MULTI.domA.headline,3 KATALÓGUS,05 MULTI,-,védelmi terület,fejléc,mind,Harcálláspont-terhelés,,,packages/shared/src/modules.ts
924,05.MULTI.domA.rationale,3 KATALÓGUS,05 MULTI,-,védelmi terület,indoklás,mind,"Rádió, műszer, célkövetés és döntés egyidejűleg - a vezetői terhelés modellje.",,,packages/shared/src/modules.ts
925,05.MULTI.domB.headline,3 KATALÓGUS,05 MULTI,-,munka terület,fejléc,mind,Kabin- és diszpécserterhelés,,,packages/shared/src/modules.ts
926,05.MULTI.domB.rationale,3 KATALÓGUS,05 MULTI,-,munka terület,indoklás,mind,"Légiirányítás, mentésirányítás, aneszteziológia: a párhuzamos csatornák kezelése a munkakör lényege, nem mellékkörülménye.",,,packages/shared/src/modules.ts
927,05.MULTI.domC.headline,3 KATALÓGUS,05 MULTI,-,sport terület,fejléc,mind,Osztott figyelem játék közben,,,packages/shared/src/modules.ts
928,05.MULTI.domC.rationale,3 KATALÓGUS,05 MULTI,-,sport terület,indoklás,mind,Labda + védő + társ + edzői utasítás egyszerre; csapatsportok terhelése.,,,packages/shared/src/modules.ts
929,05.MULTI.construct.divided_attention,3 KATALÓGUS,05 MULTI,-,képességlista,képesség,mind,Megosztott figyelem,,,packages/shared/src/modules.ts
930,05.MULTI.construct.multitasking,3 KATALÓGUS,05 MULTI,-,képességlista,képesség,mind,Többfeladatosság,,,packages/shared/src/modules.ts
931,05.MULTI.construct.task_switching,3 KATALÓGUS,05 MULTI,-,képességlista,képesség,mind,Feladatváltás,,,packages/shared/src/modules.ts
932,05.MULTI.construct.information_overload,3 KATALÓGUS,05 MULTI,-,képességlista,képesség,mind,Információs túlterhelés,,,packages/shared/src/modules.ts
933,05.MULTI.construct.dual_task_cost,3 KATALÓGUS,05 MULTI,-,képességlista,képesség,mind,Dual-task cost,,,packages/shared/src/modules.ts
934,05.MULTI.construct.speech_in_noise,3 KATALÓGUS,05 MULTI,-,képességlista,képesség,mind,Beszédértés zajban,,,packages/shared/src/modules.ts
935,06.WATCH.subtitle,3 KATALÓGUS,06 WATCH,-,kártya,alcím,mind,Éberség & perifériás figyelem,,,packages/shared/src/modules.ts
936,06.WATCH.summary,3 KATALÓGUS,06 WATCH,-,kártya,összefoglaló,mind,"Hosszú, monoton ingerfolyam, ritka eltérésekkel. A teljesítmény időbeli lejtése (vigilance decrement) a fő mutató.",,,packages/shared/src/modules.ts
937,06.WATCH.domA.headline,3 KATALÓGUS,06 WATCH,-,védelmi terület,fejléc,mind,Őr- és megfigyelőszolgálat,,,packages/shared/src/modules.ts
938,06.WATCH.domA.rationale,3 KATALÓGUS,06 WATCH,-,védelmi terület,indoklás,mind,"Órákig tartó monoton figyelés ritka, de kritikus eseményekre.",,,packages/shared/src/modules.ts
939,06.WATCH.domB.headline,3 KATALÓGUS,06 WATCH,-,munka terület,fejléc,mind,Műszakos éberség,,,packages/shared/src/modules.ts
940,06.WATCH.domB.rationale,3 KATALÓGUS,06 WATCH,-,munka terület,indoklás,mind,"Éjszakai műszak, vezérlőterem, hosszú vezetés. Az éberség-lejtés méri, meddig tartható a figyelem, nem azt, hogy induláskor mekkora.",,,packages/shared/src/modules.ts
941,06.WATCH.domC.headline,3 KATALÓGUS,06 WATCH,-,sport terület,fejléc,mind,Hosszú versenyek koncentrációja,,,packages/shared/src/modules.ts
942,06.WATCH.domC.rationale,3 KATALÓGUS,06 WATCH,-,sport terület,indoklás,mind,"Íjászat, sportlövészet, hosszútávú vitorlázás, ultrafutás fókusz-stabilitása.",,,packages/shared/src/modules.ts
943,06.WATCH.construct.sustained_attention,3 KATALÓGUS,06 WATCH,-,képességlista,képesség,mind,Tartós figyelem,,,packages/shared/src/modules.ts
944,06.WATCH.construct.vigilance_decrement,3 KATALÓGUS,06 WATCH,-,képességlista,képesség,mind,Éberség-lejtés,,,packages/shared/src/modules.ts
945,06.WATCH.construct.peripheral_perception,3 KATALÓGUS,06 WATCH,-,képességlista,képesség,mind,Perifériás észlelés,,,packages/shared/src/modules.ts
946,06.WATCH.construct.sound_direction,3 KATALÓGUS,06 WATCH,-,képességlista,képesség,mind,Hangirány-felismerés,,,packages/shared/src/modules.ts
947,06.WATCH.construct.fatigue_performance,3 KATALÓGUS,06 WATCH,-,képességlista,képesség,mind,Fáradtság alatti teljesítmény,,,packages/shared/src/modules.ts
948,07.PRESSURE.subtitle,3 KATALÓGUS,07 PRESSURE,-,kártya,alcím,mind,Teljesítmény kognitív nyomás alatt,,,packages/shared/src/modules.ts
949,07.PRESSURE.summary,3 KATALÓGUS,07 PRESSURE,-,kártya,összefoglaló,mind,"Időnyomás, gyorsuló ingerek, szabályváltás, zavaró hang. Nem trauma - kontrollált kognitív terhelés. Kiemelt mutató a hiba utáni helyreállás.",,,packages/shared/src/modules.ts
950,07.PRESSURE.domA.headline,3 KATALÓGUS,07 PRESSURE,-,védelmi terület,fejléc,mind,Harci stressz kognitív komponense,,,packages/shared/src/modules.ts
951,07.PRESSURE.domA.rationale,3 KATALÓGUS,07 PRESSURE,-,védelmi terület,indoklás,mind,"Nem a félelem, hanem a döntési képesség romlása terhelés alatt.",,,packages/shared/src/modules.ts
952,07.PRESSURE.domB.headline,3 KATALÓGUS,07 PRESSURE,-,munka terület,fejléc,mind,Krízisteljesítmény,,,packages/shared/src/modules.ts
953,07.PRESSURE.domB.rationale,3 KATALÓGUS,07 PRESSURE,-,munka terület,indoklás,mind,"Riasztás, szövődmény, forgalmi vészhelyzet: az számít, mennyire esik szét a teljesítmény és milyen gyorsan áll helyre egy hiba után.",,,packages/shared/src/modules.ts
954,07.PRESSURE.domC.headline,3 KATALÓGUS,07 PRESSURE,-,sport terület,fejléc,mind,Versenyhelyzeti stabilitás,,,packages/shared/src/modules.ts
955,07.PRESSURE.domC.rationale,3 KATALÓGUS,07 PRESSURE,-,sport terület,indoklás,mind,"""Choking under pressure"" mérhető közelítése: hogyan változik a pontosság és a döntési idő, amikor a tét és a tempó nő.",,,packages/shared/src/modules.ts
956,07.PRESSURE.construct.cognitive_flexibility,3 KATALÓGUS,07 PRESSURE,-,képességlista,képesség,mind,Kognitív flexibilitás,,,packages/shared/src/modules.ts
957,07.PRESSURE.construct.attention_under_stress,3 KATALÓGUS,07 PRESSURE,-,képességlista,képesség,mind,Figyelem nyomás alatt,,,packages/shared/src/modules.ts
958,07.PRESSURE.construct.time_pressure_decision,3 KATALÓGUS,07 PRESSURE,-,képességlista,képesség,mind,Időnyomásos döntés,,,packages/shared/src/modules.ts
959,07.PRESSURE.construct.decision_under_uncertainty,3 KATALÓGUS,07 PRESSURE,-,képességlista,képesség,mind,Döntés bizonytalanságban,,,packages/shared/src/modules.ts
960,07.PRESSURE.construct.post_error_recovery,3 KATALÓGUS,07 PRESSURE,-,képességlista,képesség,mind,Hiba utáni helyreállás,,,packages/shared/src/modules.ts
961,07.PRESSURE.construct.rule_change_cost,3 KATALÓGUS,07 PRESSURE,-,képességlista,képesség,mind,Szabályváltás költsége,,,packages/shared/src/modules.ts
962,07.PRESSURE.varA.label,3 KATALÓGUS,07 PRESSURE,A,változatválasztó,név,mind,Alap,,,packages/shared/src/modules.ts
963,07.PRESSURE.varA.subtitle,3 KATALÓGUS,07 PRESSURE,A,változatválasztó,alcím,mind,Dimenzionális konfliktus középen,,,packages/shared/src/modules.ts
964,07.PRESSURE.varA.summary,3 KATALÓGUS,07 PRESSURE,A,változatválasztó,leírás,mind,"Egyetlen központi inger, szín-alak konfliktussal. Stroop- és feladatváltási logika, minden platformon azonos, és a különbség-alapú mutatók eszközfüggetlenek.",,,packages/shared/src/modules.ts
965,07.PRESSURE.varB.label,3 KATALÓGUS,07 PRESSURE,B,változatválasztó,név,mind,Térbeli,,,packages/shared/src/modules.ts
966,07.PRESSURE.varB.subtitle,3 KATALÓGUS,07 PRESSURE,B,változatválasztó,alcím,mind,Simon-hatás és figyelmi szűkülés,,,packages/shared/src/modules.ts
967,07.PRESSURE.varB.summary,3 KATALÓGUS,07 PRESSURE,B,változatválasztó,leírás,mind,"Az ingerek körülötted jelennek meg, és a helyük ütközik a kért válasz irányával (Simon-hatás), mélységben is. Nyomás alatt méri, hogy szűkül-e a ténylegesen figyelt látómező.",,,packages/shared/src/modules.ts
968,08.HOLD.subtitle,3 KATALÓGUS,08 HOLD,-,kártya,alcím,mind,Válaszgátlás & impulzuskontroll,,,packages/shared/src/modules.ts
969,08.HOLD.summary,3 KATALÓGUS,08 HOLD,-,kártya,összefoglaló,mind,"Cselekedni, amikor kell, és visszatartani, amikor nem szabad. Go/No-Go és stop-signal logika absztrakt ingerekkel, menet közbeni szabályváltással.",,,packages/shared/src/modules.ts
970,08.HOLD.domA.headline,3 KATALÓGUS,08 HOLD,-,védelmi terület,fejléc,mind,Tűzmegnyitási fegyelem (absztrakt),,,packages/shared/src/modules.ts
971,08.HOLD.domA.rationale,3 KATALÓGUS,08 HOLD,-,védelmi terület,indoklás,mind,"A ""shoot / no-shoot"" döntés absztrakt megfelelője embermodell és fegyver nélkül. A gátlási hiba drágább, mint a késés - a pontozás ezt tükrözi.",,,packages/shared/src/modules.ts
972,08.HOLD.domB.headline,3 KATALÓGUS,08 HOLD,-,munka terület,fejléc,mind,Biztonsági önfegyelem,,,packages/shared/src/modules.ts
973,08.HOLD.domB.rationale,3 KATALÓGUS,08 HOLD,-,munka terület,indoklás,mind,"Vészleállítás, elhamarkodott beavatkozás visszatartása, protokoll-fegyelem. Az impulzivitás munkabaleseti kockázati tényező.",,,packages/shared/src/modules.ts
974,08.HOLD.domC.headline,3 KATALÓGUS,08 HOLD,-,sport terület,fejléc,mind,Cselezés-ellenállás és fegyelmezett indulás,,,packages/shared/src/modules.ts
975,08.HOLD.domC.rationale,3 KATALÓGUS,08 HOLD,-,sport terület,indoklás,mind,Kapus és védő megállítja a már megkezdett mozdulatot a cselre; rajtnál a kilépés visszatartása. Klasszikus stop-signal képesség.,,,packages/shared/src/modules.ts
976,08.HOLD.construct.response_inhibition,3 KATALÓGUS,08 HOLD,-,képességlista,képesség,mind,Válaszgátlás,,,packages/shared/src/modules.ts
977,08.HOLD.construct.impulse_control,3 KATALÓGUS,08 HOLD,-,képességlista,képesség,mind,Impulzuskontroll,,,packages/shared/src/modules.ts
978,08.HOLD.construct.choice_reaction_time,3 KATALÓGUS,08 HOLD,-,képességlista,képesség,mind,Választásos reakcióidő,,,packages/shared/src/modules.ts
979,08.HOLD.construct.target_discrimination,3 KATALÓGUS,08 HOLD,-,képességlista,képesség,mind,Célpont-megkülönböztetés,,,packages/shared/src/modules.ts
980,08.HOLD.construct.rule_change_cost,3 KATALÓGUS,08 HOLD,-,képességlista,képesség,mind,Szabályváltás költsége,,,packages/shared/src/modules.ts
981,09.MEMORY.subtitle,3 KATALÓGUS,09 MEMORY,-,kártya,alcím,mind,Munkamemória,,,packages/shared/src/modules.ts
982,09.MEMORY.summary,3 KATALÓGUS,09 MEMORY,-,kártya,összefoglaló,mind,"Téri és hallási szekvenciák, kód-hely párosítás, felidézés zavaró feladat után. Corsi- és N-back-logika VR-ben.",,,packages/shared/src/modules.ts
983,09.MEMORY.domA.headline,3 KATALÓGUS,09 MEMORY,-,védelmi terület,fejléc,mind,Parancsmegtartás és jelentés,,,packages/shared/src/modules.ts
984,09.MEMORY.domA.rationale,3 KATALÓGUS,09 MEMORY,-,védelmi terület,indoklás,mind,"Rádión kapott koordináta, hívójel, sorrend pontos megtartása terhelés alatt.",,,packages/shared/src/modules.ts
985,09.MEMORY.domB.headline,3 KATALÓGUS,09 MEMORY,-,munka terület,fejléc,mind,Munkamemória-kapacitás,,,packages/shared/src/modules.ts
986,09.MEMORY.domB.rationale,3 KATALÓGUS,09 MEMORY,-,munka terület,indoklás,mind,"Gyógyszeradagolás, klíringszám, ellenőrzőlista, ügyfélinformáció fejben tartása zavaró környezetben - a legtöbb hibázás forrása.",,,packages/shared/src/modules.ts
987,09.MEMORY.domC.headline,3 KATALÓGUS,09 MEMORY,-,sport terület,fejléc,mind,Taktikai utasítás megjegyzése,,,packages/shared/src/modules.ts
988,09.MEMORY.domC.rationale,3 KATALÓGUS,09 MEMORY,-,sport terület,indoklás,mind,"Beadott játékrendszer, edzői instrukció, koreográfia pontos felidézése.",,,packages/shared/src/modules.ts
989,09.MEMORY.construct.working_memory,3 KATALÓGUS,09 MEMORY,-,képességlista,képesség,mind,Munkamemória,,,packages/shared/src/modules.ts
990,09.MEMORY.construct.visual_memory,3 KATALÓGUS,09 MEMORY,-,képességlista,képesség,mind,Vizuális memória,,,packages/shared/src/modules.ts
991,09.MEMORY.construct.auditory_memory,3 KATALÓGUS,09 MEMORY,-,képességlista,képesség,mind,Hallási memória,,,packages/shared/src/modules.ts
992,09.MEMORY.construct.recall_after_distraction,3 KATALÓGUS,09 MEMORY,-,képességlista,képesség,mind,Felidézés zavarás után,,,packages/shared/src/modules.ts
993,09.MEMORY.construct.command_interpretation,3 KATALÓGUS,09 MEMORY,-,képességlista,képesség,mind,Utasításértelmezés,,,packages/shared/src/modules.ts
994,10.COMMAND.subtitle,3 KATALÓGUS,10 COMMAND,-,kártya,alcím,mind,"Csapat, problémamegoldás & vezetés",,,packages/shared/src/modules.ts
995,10.COMMAND.summary,3 KATALÓGUS,10 COMMAND,-,kártya,összefoglaló,mind,"Több résztvevő, megosztott információ, közös terv. Egy kör vezető nélkül, egy kör kijelölt vezetővel. Csak kommunikációval oldható meg.",,,packages/shared/src/modules.ts
996,10.COMMAND.domA.headline,3 KATALÓGUS,10 COMMAND,-,védelmi terület,fejléc,mind,Parancsnoki és csapatfeladat,,,packages/shared/src/modules.ts
997,10.COMMAND.domA.rationale,3 KATALÓGUS,10 COMMAND,-,védelmi terület,indoklás,mind,"Tisztjelölt-kiválasztás bevált formátumának absztrakt VR változata: vezető nélküli csoportfeladat, majd kijelölt parancsnokkal futó kör.",,,packages/shared/src/modules.ts
998,10.COMMAND.domB.headline,3 KATALÓGUS,10 COMMAND,-,munka terület,fejléc,mind,Vezetői assessment center,,,packages/shared/src/modules.ts
999,10.COMMAND.domB.rationale,3 KATALÓGUS,10 COMMAND,-,munka terület,indoklás,mind,"Klasszikus AC-gyakorlat mérhető formában: ki oszt meg információt, kinek a javaslatát fogadja el a csapat, ki delegál, ki blokkol.",,,packages/shared/src/modules.ts
1000,10.COMMAND.domC.headline,3 KATALÓGUS,10 COMMAND,-,sport terület,fejléc,mind,Csapatkohézió és pályán belüli vezetés,,,packages/shared/src/modules.ts
1001,10.COMMAND.domC.rationale,3 KATALÓGUS,10 COMMAND,-,sport terület,indoklás,mind,"Ki a csapatkapitány-típus? A modul azt méri, ki hoz döntést információhiányban és kire hallgat a csapat - nem azt, ki beszél a legtöbbet.",,,packages/shared/src/modules.ts
1002,10.COMMAND.construct.team_communication,3 KATALÓGUS,10 COMMAND,-,képességlista,képesség,mind,Csapatkommunikáció,,,packages/shared/src/modules.ts
1003,10.COMMAND.construct.cooperative_problem_solving,3 KATALÓGUS,10 COMMAND,-,képességlista,képesség,mind,Együttműködő problémamegoldás,,,packages/shared/src/modules.ts
1004,10.COMMAND.construct.leadership_potential,3 KATALÓGUS,10 COMMAND,-,képességlista,képesség,mind,Vezetői viselkedés,,,packages/shared/src/modules.ts
1005,10.COMMAND.construct.delegation,3 KATALÓGUS,10 COMMAND,-,képességlista,képesség,mind,Delegálás,,,packages/shared/src/modules.ts
1006,10.COMMAND.construct.resource_allocation,3 KATALÓGUS,10 COMMAND,-,képességlista,képesség,mind,Erőforrás-elosztás,,,packages/shared/src/modules.ts
1007,10.COMMAND.construct.prioritisation,3 KATALÓGUS,10 COMMAND,-,képességlista,képesség,mind,Prioritáskezelés,,,packages/shared/src/modules.ts
1008,10.COMMAND.construct.information_sharing,3 KATALÓGUS,10 COMMAND,-,képességlista,képesség,mind,Információmegosztás,,,packages/shared/src/modules.ts
1009,10.COMMAND.construct.conflict_management,3 KATALÓGUS,10 COMMAND,-,képességlista,képesség,mind,Konfliktuskezelés,,,packages/shared/src/modules.ts
1010,10.COMMAND.varA.label,3 KATALÓGUS,10 COMMAND,A,változatválasztó,név,mind,Alap,,,packages/shared/src/modules.ts
1011,10.COMMAND.varA.subtitle,3 KATALÓGUS,10 COMMAND,A,változatválasztó,alcím,mind,"Közös tábla, titkos kártyák",,,packages/shared/src/modules.ts
1012,10.COMMAND.varA.summary,3 KATALÓGUS,10 COMMAND,A,változatválasztó,leírás,mind,"Vízszintes logisztikai tábla; az információaszimmetria szöveges: mindenki két olyan javítást ismer, amit a többiek nem. Bármely platformon játszható.",,,packages/shared/src/modules.ts
1013,10.COMMAND.varB.label,3 KATALÓGUS,10 COMMAND,B,változatválasztó,név,mind,Térbeli,,,packages/shared/src/modules.ts
1014,10.COMMAND.varB.subtitle,3 KATALÓGUS,10 COMMAND,B,változatválasztó,alcím,mind,"Amit onnan látsz, ahol állsz",,,packages/shared/src/modules.ts
1015,10.COMMAND.varB.summary,3 KATALÓGUS,10 COMMAND,B,változatválasztó,leírás,mind,"Egy lebegő térbeli szerkezetet mindenki más szögből lát, és a blokkok takarják egymást — senki nem látja az egészet. Az információaszimmetria itt nem szöveg, hanem nézőpont.",,,packages/shared/src/modules.ts
1016,11.ANTICIPATE.subtitle,3 KATALÓGUS,11 ANTICIPATE,-,kártya,alcím,mind,Időzítés & előrejelzés,,,packages/shared/src/modules.ts
1017,11.ANTICIPATE.summary,3 KATALÓGUS,11 ANTICIPATE,-,kártya,összefoglaló,mind,"Mozgó objektum takarásba kerül; a felhasználónak akkor kell reagálnia, amikor a becsapódási pontot elérné. Koincidencia-időzítés és időbeli okklúzió.",,,packages/shared/src/modules.ts
1018,11.ANTICIPATE.domA.headline,3 KATALÓGUS,11 ANTICIPATE,-,védelmi terület,fejléc,mind,Vezetési és célzási időzítés,,,packages/shared/src/modules.ts
1019,11.ANTICIPATE.domA.rationale,3 KATALÓGUS,11 ANTICIPATE,-,védelmi terület,indoklás,mind,"Mozgó cél előretartása, járműtávolság-becslés, konvoj-követés.",,,packages/shared/src/modules.ts
1020,11.ANTICIPATE.domB.headline,3 KATALÓGUS,11 ANTICIPATE,-,munka terület,fejléc,mind,Ütközési idő becslése vezetés közben,,,packages/shared/src/modules.ts
1021,11.ANTICIPATE.domB.rationale,3 KATALÓGUS,11 ANTICIPATE,-,munka terület,indoklás,mind,"Előzés, kanyarodás, féktávolság: a baleseti kockázat egyik legjobban mérhető percepciós összetevője. Daru- és targoncakezelésnél is közvetlenül releváns.",,,packages/shared/src/modules.ts
1022,11.ANTICIPATE.domC.headline,3 KATALÓGUS,11 ANTICIPATE,-,sport terület,fejléc,mind,Labdaérkezés időzítése,,,packages/shared/src/modules.ts
1023,11.ANTICIPATE.domC.rationale,3 KATALÓGUS,11 ANTICIPATE,-,sport terület,indoklás,mind,"Ütő-, dobó- és elkapósportok legfontosabb percepciós képessége. A takarásos változat pont azt méri, amit a valóság kikényszerít: a labda utolsó szakaszát már nem látjuk.",,,packages/shared/src/modules.ts
1024,11.ANTICIPATE.construct.coincidence_timing,3 KATALÓGUS,11 ANTICIPATE,-,képességlista,képesség,mind,Koincidencia-időzítés,,,packages/shared/src/modules.ts
1025,11.ANTICIPATE.construct.time_to_contact,3 KATALÓGUS,11 ANTICIPATE,-,képességlista,képesség,mind,Ütközési idő becslése,,,packages/shared/src/modules.ts
1026,11.ANTICIPATE.construct.motion_extrapolation,3 KATALÓGUS,11 ANTICIPATE,-,képességlista,képesség,mind,Mozgás-extrapoláció,,,packages/shared/src/modules.ts
1027,11.ANTICIPATE.construct.temporal_prediction,3 KATALÓGUS,11 ANTICIPATE,-,képességlista,képesség,mind,Időbeli előrejelzés,,,packages/shared/src/modules.ts
1028,11.ANTICIPATE.construct.velocity_discrimination,3 KATALÓGUS,11 ANTICIPATE,-,képességlista,képesség,mind,Sebesség-megkülönböztetés,,,packages/shared/src/modules.ts
1029,11.ANTICIPATE.varA.label,3 KATALÓGUS,11 ANTICIPATE,A,változatválasztó,név,mind,Alap,,,packages/shared/src/modules.ts
1030,11.ANTICIPATE.varA.subtitle,3 KATALÓGUS,11 ANTICIPATE,A,változatválasztó,alcím,mind,Oldalirányú koincidencia-időzítés,,,packages/shared/src/modules.ts
1031,11.ANTICIPATE.varA.summary,3 KATALÓGUS,11 ANTICIPATE,A,változatválasztó,leírás,mind,"A gömb sínen halad a cél felé, takarással. Ez a Bassin-féle készülék elrendezése, minden platformon fut, és a CE/VE/AE hármassal közvetlenül összevethető a szakirodalommal.",,,packages/shared/src/modules.ts
1032,11.ANTICIPATE.varB.label,3 KATALÓGUS,11 ANTICIPATE,B,változatválasztó,név,mind,Térbeli,,,packages/shared/src/modules.ts
1033,11.ANTICIPATE.varB.subtitle,3 KATALÓGUS,11 ANTICIPATE,B,változatválasztó,alcím,mind,Feléd érkező tárgy időzítése,,,packages/shared/src/modules.ts
1034,11.ANTICIPATE.varB.summary,3 KATALÓGUS,11 ANTICIPATE,B,változatválasztó,leírás,mind,"A tárgy feléd repül, és az érkezését az optikai tágulásból kell megítélned. Külön méri, hogy tau-t használsz-e vagy méret-heurisztikát — ez a sportbeli szakértelem egyik legjobban dokumentált jele.",,,packages/shared/src/modules.ts
1035,12.FIELD.subtitle,3 KATALÓGUS,12 FIELD,-,kártya,alcím,mind,Hasznos látómező & dinamikus látásélesség,,,packages/shared/src/modules.ts
1036,12.FIELD.summary,3 KATALÓGUS,12 FIELD,-,kártya,összefoglaló,mind,"Központi feladat mellett rövid felvillanású perifériás inger helyének azonosítása, növekvő excentricitáson és zavaró háttérrel. UFOV-logika VR-ben.",,,packages/shared/src/modules.ts
1037,12.FIELD.domA.headline,3 KATALÓGUS,12 FIELD,-,védelmi terület,fejléc,mind,Perifériás helyzetfelismerés,,,packages/shared/src/modules.ts
1038,12.FIELD.domA.rationale,3 KATALÓGUS,12 FIELD,-,védelmi terület,indoklás,mind,A látómező stressz alatti beszűkülése közvetlenül mérhető és kiképzéssel javítható.,,,packages/shared/src/modules.ts
1039,12.FIELD.domB.headline,3 KATALÓGUS,12 FIELD,-,munka terület,fejléc,mind,Vezetői látómező,,,packages/shared/src/modules.ts
1040,12.FIELD.domB.rationale,3 KATALÓGUS,12 FIELD,-,munka terület,indoklás,mind,"A UFOV a közúti balesetek egyik legerősebb, validált percepciós előrejelzője, különösen idősebb és fáradt vezetőknél.",,,packages/shared/src/modules.ts
1041,12.FIELD.domC.headline,3 KATALÓGUS,12 FIELD,-,sport terület,fejléc,mind,Pályakép szélessége,,,packages/shared/src/modules.ts
1042,12.FIELD.domC.rationale,3 KATALÓGUS,12 FIELD,-,sport terület,indoklás,mind,"A ""jó játéklátás"" nagyrészt hasznos látómező: mennyit vesz észre a periférián anélkül, hogy a labdáról levenné a tekintetét.",,,packages/shared/src/modules.ts
1043,12.FIELD.construct.useful_field_of_view,3 KATALÓGUS,12 FIELD,-,képességlista,képesség,mind,Hasznos látómező,,,packages/shared/src/modules.ts
1044,12.FIELD.construct.dynamic_visual_acuity,3 KATALÓGUS,12 FIELD,-,képességlista,képesség,mind,Dinamikus látásélesség,,,packages/shared/src/modules.ts
1045,12.FIELD.construct.peripheral_perception,3 KATALÓGUS,12 FIELD,-,képességlista,képesség,mind,Perifériás észlelés,,,packages/shared/src/modules.ts
1046,12.FIELD.construct.divided_attention,3 KATALÓGUS,12 FIELD,-,képességlista,képesség,mind,Megosztott figyelem,,,packages/shared/src/modules.ts
1047,12.FIELD.construct.attentional_field_shrinkage,3 KATALÓGUS,12 FIELD,-,képességlista,képesség,mind,Látómező-szűkülés terhelés alatt,,,packages/shared/src/modules.ts
1048,13.STEADY.subtitle,3 KATALÓGUS,13 STEADY,-,kártya,alcím,mind,Poszturális stabilitás & kéznyugalom,,,packages/shared/src/modules.ts
1049,13.STEADY.summary,3 KATALÓGUS,13 STEADY,-,kártya,összefoglaló,mind,"A headset és a kontrollerek 6DoF adatából számított testlengés és kéztremor. Nyitott/csukott szem, egy lábon állás, vizuális perturbáció, célon tartás.",,,packages/shared/src/modules.ts
1050,13.STEADY.domA.headline,3 KATALÓGUS,13 STEADY,-,védelmi terület,fejléc,mind,Terhelés alatti testkontroll,,,packages/shared/src/modules.ts
1051,13.STEADY.domA.rationale,3 KATALÓGUS,13 STEADY,-,védelmi terület,indoklás,mind,"Lövészstabilitás, terhelt menet utáni egyensúly, fejsérülés utáni visszatérés szűrése.",,,packages/shared/src/modules.ts
1052,13.STEADY.domB.headline,3 KATALÓGUS,13 STEADY,-,munka terület,fejléc,mind,Magasban végzett és finommunka,,,packages/shared/src/modules.ts
1053,13.STEADY.domB.rationale,3 KATALÓGUS,13 STEADY,-,munka terület,indoklás,mind,"Állványos munka, sebészi kéznyugalom, fogászat, mikroelektronika. Az objektív tremor-mérés eddig külön eszközt igényelt, itt a headset adja.",,,packages/shared/src/modules.ts
1054,13.STEADY.domC.headline,3 KATALÓGUS,13 STEADY,-,sport terület,fejléc,mind,Statikus és dinamikus egyensúly,,,packages/shared/src/modules.ts
1055,13.STEADY.domC.rationale,3 KATALÓGUS,13 STEADY,-,sport terület,indoklás,mind,"Egyensúly-domináns sportágak alapszűrése, és - fontos alkalmazás - agyrázkódás utáni visszatérési protokoll objektív mérőszáma.",,,packages/shared/src/modules.ts
1056,13.STEADY.construct.postural_stability,3 KATALÓGUS,13 STEADY,-,képességlista,képesség,mind,Poszturális stabilitás,,,packages/shared/src/modules.ts
1057,13.STEADY.construct.balance,3 KATALÓGUS,13 STEADY,-,képességlista,képesség,mind,Egyensúly,,,packages/shared/src/modules.ts
1058,13.STEADY.construct.hand_steadiness,3 KATALÓGUS,13 STEADY,-,képességlista,képesség,mind,Kéznyugalom / tremor,,,packages/shared/src/modules.ts
1059,13.STEADY.construct.visual_dependence,3 KATALÓGUS,13 STEADY,-,képességlista,képesség,mind,Vizuális függés,,,packages/shared/src/modules.ts
1060,13.STEADY.construct.sensorimotor_integration,3 KATALÓGUS,13 STEADY,-,képességlista,képesség,mind,Szenzomotoros integráció,,,packages/shared/src/modules.ts
1061,14.RHYTHM.subtitle,3 KATALÓGUS,14 RHYTHM,-,kártya,alcím,mind,Motoros időzítés & ritmusszinkronizáció,,,packages/shared/src/modules.ts
1062,14.RHYTHM.summary,3 KATALÓGUS,14 RHYTHM,-,kártya,összefoglaló,mind,"Ütemhez igazodó mozgás, majd az ütem elnémítása után a tempó tartása. Szinkronizációs-folytatásos paradigma, két kézzel és keresztritmussal is.",,,packages/shared/src/modules.ts
1063,14.RHYTHM.domA.rationale,3 KATALÓGUS,14 RHYTHM,-,védelmi terület,indoklás,mind,"Nem elsődleges védelmi konstruktum; adatot gyűjtünk, de nem jelenítjük meg alapból.",,,packages/shared/src/modules.ts
1064,14.RHYTHM.domB.headline,3 KATALÓGUS,14 RHYTHM,-,munka terület,fejléc,mind,Ciklikus munkavégzés üteme,,,packages/shared/src/modules.ts
1065,14.RHYTHM.domB.rationale,3 KATALÓGUS,14 RHYTHM,-,munka terület,indoklás,mind,"Gyártósori ütemtartás, zenei és előadóművészi pályák, ütemezett kétkezes munka.",,,packages/shared/src/modules.ts
1066,14.RHYTHM.domC.headline,3 KATALÓGUS,14 RHYTHM,-,sport terület,fejléc,mind,Mozgásritmus és ciklustartás,,,packages/shared/src/modules.ts
1067,14.RHYTHM.domC.rationale,3 KATALÓGUS,14 RHYTHM,-,sport terület,indoklás,mind,"Az evezés, úszás, futás, gátfutás gazdaságosságát a ritmus stabilitása határozza meg; a szinkron sportokban pedig ez maga a teljesítmény.",,,packages/shared/src/modules.ts
1068,14.RHYTHM.construct.motor_timing,3 KATALÓGUS,14 RHYTHM,-,képességlista,képesség,mind,Motoros időzítés,,,packages/shared/src/modules.ts
1069,14.RHYTHM.construct.rhythmic_synchronisation,3 KATALÓGUS,14 RHYTHM,-,képességlista,képesség,mind,Ritmusszinkronizáció,,,packages/shared/src/modules.ts
1070,14.RHYTHM.construct.internal_clock_stability,3 KATALÓGUS,14 RHYTHM,-,képességlista,képesség,mind,Belső óra stabilitása,,,packages/shared/src/modules.ts
1071,14.RHYTHM.construct.bimanual_coordination,3 KATALÓGUS,14 RHYTHM,-,képességlista,képesség,mind,Kétkezes koordináció,,,packages/shared/src/modules.ts
1072,14.RHYTHM.construct.tempo_adaptation,3 KATALÓGUS,14 RHYTHM,-,képességlista,képesség,mind,Tempóváltás-adaptáció,,,packages/shared/src/modules.ts
1073,15.ADAPT.subtitle,3 KATALÓGUS,15 ADAPT,-,kártya,alcím,mind,Mozgástanulási ráta & vizuomotoros adaptáció,,,packages/shared/src/modules.ts
1074,15.ADAPT.summary,3 KATALÓGUS,15 ADAPT,-,kártya,összefoglaló,mind,"A kéz és a látott kurzor közé rejtett elforgatás kerül. Mérjük, milyen gyorsan tanul újra a rendszer, és mekkora az utóhatás a torzítás megszűnése után.",,,packages/shared/src/modules.ts
1075,15.ADAPT.domA.headline,3 KATALÓGUS,15 ADAPT,-,védelmi terület,fejléc,mind,Új eszközre való átállás sebessége,,,packages/shared/src/modules.ts
1076,15.ADAPT.domA.rationale,3 KATALÓGUS,15 ADAPT,-,védelmi terület,indoklás,mind,"Új fegyverrendszer, új kezelőfelület, éjjellátó okozta perceptuális eltolódás megtanulása.",,,packages/shared/src/modules.ts
1077,15.ADAPT.domB.headline,3 KATALÓGUS,15 ADAPT,-,munka terület,fejléc,mind,Betaníthatóság mérőszáma,,,packages/shared/src/modules.ts
1078,15.ADAPT.domB.rationale,3 KATALÓGUS,15 ADAPT,-,munka terület,indoklás,mind,"A legtöbb alkalmassági teszt a pillanatnyi szintet méri. Ez azt méri, milyen gyorsan javul - pályaorientációban és betanításnál ez a fontosabb kérdés.",,,packages/shared/src/modules.ts
1079,15.ADAPT.domC.headline,3 KATALÓGUS,15 ADAPT,-,sport terület,fejléc,mind,Tanulási potenciál,,,packages/shared/src/modules.ts
1080,15.ADAPT.domC.rationale,3 KATALÓGUS,15 ADAPT,-,sport terület,indoklás,mind,Tehetségazonosításban a jelenlegi teljesítménynél többet mond a tanulási ráta: ki javul gyorsabban ugyanannyi ismétlésből.,,,packages/shared/src/modules.ts
1081,15.ADAPT.construct.motor_learning_rate,3 KATALÓGUS,15 ADAPT,-,képességlista,képesség,mind,Mozgástanulási ráta,,,packages/shared/src/modules.ts
1082,15.ADAPT.construct.visuomotor_adaptation,3 KATALÓGUS,15 ADAPT,-,képességlista,képesség,mind,Vizuomotoros adaptáció,,,packages/shared/src/modules.ts
1083,15.ADAPT.construct.aftereffect_magnitude,3 KATALÓGUS,15 ADAPT,-,képességlista,képesség,mind,Utóhatás nagysága,,,packages/shared/src/modules.ts
1084,15.ADAPT.construct.savings,3 KATALÓGUS,15 ADAPT,-,képességlista,képesség,mind,Újratanulási előny (savings),,,packages/shared/src/modules.ts
1085,15.ADAPT.construct.explicit_implicit_ratio,3 KATALÓGUS,15 ADAPT,-,képességlista,képesség,mind,Explicit/implicit tanulás aránya,,,packages/shared/src/modules.ts
1086,16.HANDS.subtitle,3 KATALÓGUS,16 HANDS,-,kártya,alcím,mind,Finom manuális ügyesség,,,packages/shared/src/modules.ts
1087,16.HANDS.summary,3 KATALÓGUS,16 HANDS,-,kártya,összefoglaló,mind,"Apró elemek pontos megfogása, áthelyezése, szűk pályán való átvezetése két kézzel, idő- és érintéshiba-méréssel. Pegboard-logika VR-ben.",,,packages/shared/src/modules.ts
1088,16.HANDS.domA.headline,3 KATALÓGUS,16 HANDS,-,védelmi terület,fejléc,mind,Műszaki és fegyverkezelési kézügyesség,,,packages/shared/src/modules.ts
1089,16.HANDS.domA.rationale,3 KATALÓGUS,16 HANDS,-,védelmi terület,indoklás,mind,"Szerelés, hibaelhárítás, kesztyűben végzett finommunka.",,,packages/shared/src/modules.ts
1090,16.HANDS.domB.headline,3 KATALÓGUS,16 HANDS,-,munka terület,fejléc,mind,Kézügyességi alkalmasság,,,packages/shared/src/modules.ts
1091,16.HANDS.domB.rationale,3 KATALÓGUS,16 HANDS,-,munka terület,indoklás,mind,"A pegboard-típusú tesztek a manuális szakmák bevált szűrőeszközei; VR-ben eszközkopás nélkül, automatikus méréssel és nagyobb feladatválasztékkal.",,,packages/shared/src/modules.ts
1092,16.HANDS.domC.headline,3 KATALÓGUS,16 HANDS,-,sport terület,fejléc,mind,Kézprecizitás technikai sportágakban,,,packages/shared/src/modules.ts
1093,16.HANDS.domC.rationale,3 KATALÓGUS,16 HANDS,-,sport terület,indoklás,mind,"Sportlövészet, íjászat, biliárd, e-sport: a mikromozgás minősége dönt.",,,packages/shared/src/modules.ts
1094,16.HANDS.construct.manual_dexterity,3 KATALÓGUS,16 HANDS,-,képességlista,képesség,mind,Manuális ügyesség,,,packages/shared/src/modules.ts
1095,16.HANDS.construct.fine_motor_accuracy,3 KATALÓGUS,16 HANDS,-,képességlista,képesség,mind,Finommotoros pontosság,,,packages/shared/src/modules.ts
1096,16.HANDS.construct.bimanual_coordination,3 KATALÓGUS,16 HANDS,-,képességlista,képesség,mind,Kétkezes koordináció,,,packages/shared/src/modules.ts
1097,16.HANDS.construct.grip_precision,3 KATALÓGUS,16 HANDS,-,képességlista,képesség,mind,Fogásprecizitás,,,packages/shared/src/modules.ts
1098,16.HANDS.construct.movement_smoothness,3 KATALÓGUS,16 HANDS,-,képességlista,képesség,mind,Mozgássimaság,,,packages/shared/src/modules.ts
1099,17.RISK.subtitle,3 KATALÓGUS,17 RISK,-,kártya,alcím,mind,Kockázatvállalás & döntési stílus,,,packages/shared/src/modules.ts
1100,17.RISK.summary,3 KATALÓGUS,17 RISK,-,kártya,összefoglaló,mind,"Ismételt nyereség-veszteség döntések növekvő tétekkel, tanulható valószínűségekkel. Nem személyiségteszt: a megfigyelt döntési viselkedést írja le.",,,packages/shared/src/modules.ts
1101,17.RISK.domA.headline,3 KATALÓGUS,17 RISK,-,védelmi terület,fejléc,mind,Kockázati profil műveleti döntésekben,,,packages/shared/src/modules.ts
1102,17.RISK.domA.rationale,3 KATALÓGUS,17 RISK,-,védelmi terület,indoklás,mind,Túl konzervatív és túl vakmerő döntéshozó egyaránt kockázat - a szélsőségek érdekesek.,,,packages/shared/src/modules.ts
1103,17.RISK.domB.headline,3 KATALÓGUS,17 RISK,-,munka terület,fejléc,mind,Biztonsági és pénzügyi kockázatkezelés,,,packages/shared/src/modules.ts
1104,17.RISK.domB.rationale,3 KATALÓGUS,17 RISK,-,munka terület,indoklás,mind,Munkabiztonsági szabályszegés és pénzügyi kockázatvállalás egyaránt visszavezethető a visszajelzésből való tanulás mintázatára.,,,packages/shared/src/modules.ts
1105,17.RISK.domC.headline,3 KATALÓGUS,17 RISK,-,sport terület,fejléc,mind,Taktikai kockázatvállalás,,,packages/shared/src/modules.ts
1106,17.RISK.domC.rationale,3 KATALÓGUS,17 RISK,-,sport terület,indoklás,mind,Támad vagy biztosít? Az extrémsportokban és a versenytaktikában a kockázati profil sportágcsoportot és szerepkört is elkülönít.,,,packages/shared/src/modules.ts
1107,17.RISK.construct.risk_taking_behaviour,3 KATALÓGUS,17 RISK,-,képességlista,képesség,mind,Kockázatvállalási viselkedés,,,packages/shared/src/modules.ts
1108,17.RISK.construct.risk_assessment,3 KATALÓGUS,17 RISK,-,képességlista,képesség,mind,Kockázatértékelés,,,packages/shared/src/modules.ts
1109,17.RISK.construct.decision_under_uncertainty,3 KATALÓGUS,17 RISK,-,képességlista,képesség,mind,Döntés bizonytalanságban,,,packages/shared/src/modules.ts
1110,17.RISK.construct.feedback_learning,3 KATALÓGUS,17 RISK,-,képességlista,képesség,mind,Visszajelzés alapú tanulás,,,packages/shared/src/modules.ts
1111,17.RISK.construct.loss_chasing,3 KATALÓGUS,17 RISK,-,képességlista,képesség,mind,Veszteségkövetés,,,packages/shared/src/modules.ts
1112,18.PROTOCOL.subtitle,3 KATALÓGUS,18 PROTOCOL,-,kártya,alcím,mind,Eljárásrendi fegyelem & ellenőrzőlista,,,packages/shared/src/modules.ts
1113,18.PROTOCOL.summary,3 KATALÓGUS,18 PROTOCOL,-,kártya,összefoglaló,mind,"Több lépéses eljárás pontos, sorrendhelyes végrehajtása - időnyomás, megszakítás és menet közbeni eljárásmódosítás mellett. A kihagyott lépés a fő mutató.",,,packages/shared/src/modules.ts
1114,18.PROTOCOL.domA.headline,3 KATALÓGUS,18 PROTOCOL,-,védelmi terület,fejléc,mind,Eljárásrendi fegyelem,,,packages/shared/src/modules.ts
1115,18.PROTOCOL.domA.rationale,3 KATALÓGUS,18 PROTOCOL,-,védelmi terület,indoklás,mind,"Fegyverellenőrzés, rádióeljárás, ellenőrzőpont-protokoll pontos végrehajtása.",,,packages/shared/src/modules.ts
1116,18.PROTOCOL.domB.headline,3 KATALÓGUS,18 PROTOCOL,-,munka terület,fejléc,mind,Protokollkövetés megszakítások közben,,,packages/shared/src/modules.ts
1117,18.PROTOCOL.domB.rationale,3 KATALÓGUS,18 PROTOCOL,-,munka terület,indoklás,mind,"A repülésben és az egészségügyben a súlyos hibák többsége kihagyott ellenőrzőlista-lépés megszakítás után. Ez a modul pontosan ezt méri, nem az elméleti tudást.",,,packages/shared/src/modules.ts
1118,18.PROTOCOL.domC.rationale,3 KATALÓGUS,18 PROTOCOL,-,sport terület,indoklás,mind,"Sportban a bemelegítési és versenyrutin-fegyelem közvetetten érintett, alapból nem jelenítjük meg.",,,packages/shared/src/modules.ts
1119,18.PROTOCOL.construct.procedural_compliance,3 KATALÓGUS,18 PROTOCOL,-,képességlista,képesség,mind,Eljáráskövetés,,,packages/shared/src/modules.ts
1120,18.PROTOCOL.construct.prospective_memory,3 KATALÓGUS,18 PROTOCOL,-,képességlista,képesség,mind,Prospektív memória,,,packages/shared/src/modules.ts
1121,18.PROTOCOL.construct.interruption_recovery,3 KATALÓGUS,18 PROTOCOL,-,képességlista,képesség,mind,Megszakítás utáni helyreállás,,,packages/shared/src/modules.ts
1122,18.PROTOCOL.construct.rule_retention,3 KATALÓGUS,18 PROTOCOL,-,képességlista,képesség,mind,Szabálymegtartás,,,packages/shared/src/modules.ts
1123,18.PROTOCOL.construct.sequence_memory,3 KATALÓGUS,18 PROTOCOL,-,képességlista,képesség,mind,Sorrendmemória,,,packages/shared/src/modules.ts
1124,19.INTENT.subtitle,3 KATALÓGUS,19 INTENT,-,kártya,alcím,mind,Mozgásolvasás & szándékfelismerés,,,packages/shared/src/modules.ts
1125,19.INTENT.summary,3 KATALÓGUS,19 INTENT,-,kártya,összefoglaló,mind,Absztrakt pontfény-alak (point-light figure) mozdulatot kezd; a mozdulat közben eltűnik. A feladat a szándék irányának megjóslása - beleértve a megtévesztést.,,,packages/shared/src/modules.ts
1126,19.INTENT.domA.headline,3 KATALÓGUS,19 INTENT,-,védelmi terület,fejléc,mind,Szándékfelismerés testtartásból,,,packages/shared/src/modules.ts
1127,19.INTENT.domA.rationale,3 KATALÓGUS,19 INTENT,-,védelmi terület,indoklás,mind,Ellenőrzőponton és tömegben a fenyegető szándék korai kinematikai jelei.,,,packages/shared/src/modules.ts
1128,19.INTENT.domB.headline,3 KATALÓGUS,19 INTENT,-,munka terület,fejléc,mind,Gyalogos-szándék előrejelzése,,,packages/shared/src/modules.ts
1129,19.INTENT.domB.rationale,3 KATALÓGUS,19 INTENT,-,munka terület,indoklás,mind,Vezetés közben a gyalogos lelépési szándékának korai felismerése.,,,packages/shared/src/modules.ts
1130,19.INTENT.domC.headline,3 KATALÓGUS,19 INTENT,-,sport terület,fejléc,mind,Ellenfélolvasás,,,packages/shared/src/modules.ts
1131,19.INTENT.domC.rationale,3 KATALÓGUS,19 INTENT,-,sport terület,indoklás,mind,Az elit sportoló nem gyorsabban reagál - hamarabb tud. A korai kinematikai jelzések olvasása a legjobban dokumentált szakértői előny a sportpszichológiában.,,,packages/shared/src/modules.ts
1132,19.INTENT.construct.biological_motion_perception,3 KATALÓGUS,19 INTENT,-,képességlista,képesség,mind,Biológiai mozgás észlelése,,,packages/shared/src/modules.ts
1133,19.INTENT.construct.action_anticipation,3 KATALÓGUS,19 INTENT,-,képességlista,képesség,mind,Cselekvés-előrejelzés,,,packages/shared/src/modules.ts
1134,19.INTENT.construct.deception_detection,3 KATALÓGUS,19 INTENT,-,képességlista,képesség,mind,Megtévesztés felismerése,,,packages/shared/src/modules.ts
1135,19.INTENT.construct.kinematic_cue_use,3 KATALÓGUS,19 INTENT,-,képességlista,képesség,mind,Kinematikai jelzések használata,,,packages/shared/src/modules.ts
1136,19.INTENT.construct.situational_judgement,3 KATALÓGUS,19 INTENT,-,képességlista,képesség,mind,Helyzetértékelés,,,packages/shared/src/modules.ts
1137,UI.LandingView.1,4 FELÜLET,FELÜLET · LandingView,-,-,felületi szöveg,mind,VR COGNITIVE ASSESSMENT PLATFORM,,,packages/client/src/shell/LandingView.ts:21
1138,UI.LandingView.2,4 FELÜLET,FELÜLET · LandingView,-,-,felületi szöveg,mind,Triple use · Meta Quest 3 · böngésző,,,packages/client/src/shell/LandingView.ts:33
1139,UI.LandingView.3,4 FELÜLET,FELÜLET · LandingView,-,-,felületi szöveg,mind,Egy motor. Három terület.,,,packages/client/src/shell/LandingView.ts:34
1140,UI.LandingView.4,4 FELÜLET,FELÜLET · LandingView,-,-,felületi szöveg,mind,"Absztrakt VR ingerekre épülő, ismételhető kognitív, figyelmi, döntési és pszichomotoros mérés. Ugyanaz az assessment engine három arculattal: védelmi kiválasztás, munkaköri alkalmasság és pályaorientáció, valamint sportági tehetségazonosítás. Válaszd ki, melyik területen dolgozol.",,,packages/client/src/shell/LandingView.ts:36
1141,UI.LandingView.5,4 FELÜLET,FELÜLET · LandingView,-,-,felületi szöveg,mind,Állapot: ,,,packages/client/src/shell/LandingView.ts:77
1142,UI.LandingView.6,4 FELÜLET,FELÜLET · LandingView,-,-,felületi szöveg,mind,"A rendszer prototípus: teljesítménymutatót ad, nem validált pszichometriai szakvéleményt.",,,packages/client/src/shell/LandingView.ts:79
1143,UI.LandingView.7,4 FELÜLET,FELÜLET · LandingView,-,-,felületi szöveg,mind,"Elsődleges cél-hardver Meta Quest 3 (WebXR, két kontroller). Ugyanez a build fut asztali böngészőben egérrel és billentyűzettel, valamint mobilon érintéssel — az eredmények eszközosztályonként külön kezelendők.",,,packages/client/src/shell/LandingView.ts:82
1144,UI.orientation.1,4 FELÜLET,FELÜLET · orientation,-,-,felületi szöveg,mind,Fordítsd el a telefont,,,packages/client/src/shell/mobile/orientation.ts:66
1145,UI.orientation.2,4 FELÜLET,FELÜLET · orientation,-,-,felületi szöveg,mind,A teszt fekvő nézetben fut — így fér ki az utasítás és a válaszgomb.,,,packages/client/src/shell/mobile/orientation.ts:67
1146,UI.runner.drawHud.1,4 FELÜLET,FUTTATÓ,-,drawHud,panelszöveg,mind,GYAKORLÁS,,,packages/client/src/engine/task/ModuleRunner.ts:502
1147,UI.runner.drawHud.2,4 FELÜLET,FUTTATÓ,-,drawHud,gombfelirat,mind,KILÉPÉS,,,packages/client/src/engine/task/ModuleRunner.ts:505
1148,UI.runner.drawInfo.3,4 FELÜLET,FUTTATÓ,-,drawInfo,panelcímke,mind,MENET,,,packages/client/src/engine/task/ModuleRunner.ts:532
1149,UI.runner.drawInfo.4,4 FELÜLET,FUTTATÓ,-,drawInfo,panelszöveg,mind,KIPRÓBÁLOM,,,packages/client/src/engine/task/ModuleRunner.ts:545
1150,UI.runner.drawInfo.5,4 FELÜLET,FUTTATÓ,-,drawInfo,panelszöveg,mind,"Bármelyik sort megnyomhatod: az a rész önmagában lefut, visszajelzéssel, és nem számít bele az eredménybe.",,,packages/client/src/engine/task/ModuleRunner.ts:550
1151,UI.runner.drawInfo.6,4 FELÜLET,FUTTATÓ,-,drawInfo,gombfelirat,mind,VISSZA,,,packages/client/src/engine/task/ModuleRunner.ts:554
1152,UI.runner.drawInfo.7,4 FELÜLET,FUTTATÓ,-,drawInfo,panelcímke,mind,IRÁNYÍTÁS,,,packages/client/src/engine/task/ModuleRunner.ts:582
1153,UI.runner.drawInfo.8,4 FELÜLET,FUTTATÓ,-,drawInfo,panelcímke,mind,GYAKORLÁS KÉSZ,,,packages/client/src/engine/task/ModuleRunner.ts:603
1154,UI.runner.drawInfo.9,4 FELÜLET,FUTTATÓ,-,drawInfo,panelcím,mind,MOST JÖN A MÉRÉS,,,packages/client/src/engine/task/ModuleRunner.ts:604
1155,UI.runner.drawInfo.10,4 FELÜLET,FUTTATÓ,-,drawInfo,gombfelirat,mind,KEZDHETJÜK,,,packages/client/src/engine/task/ModuleRunner.ts:610
1156,UI.runner.drawInfo.11,4 FELÜLET,FUTTATÓ,-,drawInfo,panelcím,mind,FELDOLGOZÁS…,,,packages/client/src/engine/task/ModuleRunner.ts:615
1157,UI.runner.drawResult.12,4 FELÜLET,FUTTATÓ,-,drawResult,gombfelirat,mind,VISSZA A KÖZPONTBA,,,packages/client/src/engine/task/ModuleRunner.ts:658
1158,UI.hub.dom.1,4 FELÜLET,KEZDŐTÉR,-,-,felületi szöveg,mind,VR kész,,,packages/client/src/shell/HubView.ts:58
1159,UI.hub.dom.2,4 FELÜLET,KEZDŐTÉR,-,-,felületi szöveg,mind,Böngésző mód,,,packages/client/src/shell/HubView.ts:59
1160,UI.hub.dom.3,4 FELÜLET,KEZDŐTÉR,-,-,felületi szöveg,mind,Terület váltás,,,packages/client/src/shell/HubView.ts:60
1161,UI.hub.dom.4,4 FELÜLET,KEZDŐTÉR,-,-,felületi szöveg,mind,elérhető modul,,,packages/client/src/shell/HubView.ts:77
1162,UI.hub.dom.5,4 FELÜLET,KEZDŐTÉR,-,-,felületi szöveg,mind,most indítható,,,packages/client/src/shell/HubView.ts:78
1163,UI.hub.dom.6,4 FELÜLET,KEZDŐTÉR,-,-,felületi szöveg,mind,mért képesség,,,packages/client/src/shell/HubView.ts:79
1164,UI.hub.dom.7,4 FELÜLET,KEZDŐTÉR,-,-,felületi szöveg,mind,pontszám,,,packages/client/src/shell/HubView.ts:80
1165,UI.hub.dom.8,4 FELÜLET,KEZDŐTÉR,-,-,felületi szöveg,mind,A WebXR biztonságos kontextust igényel. Nyisd meg az oldalt HTTPS-en.,,,packages/client/src/shell/HubView.ts:93
1166,UI.hub.dom.9,4 FELÜLET,KEZDŐTÉR,-,-,felületi szöveg,mind,Ez az eszköz nem támogat immersive VR-t,,,packages/client/src/shell/HubView.ts:94
1167,UI.hub.dom.10,4 FELÜLET,KEZDŐTÉR,-,-,felületi szöveg,mind,⟶  BELÉPÉS VR-BE,,,packages/client/src/shell/HubView.ts:97
1168,UI.hub.dom.11,4 FELÜLET,KEZDŐTÉR,-,-,felületi szöveg,mind,VR-hez HTTPS kell,,,packages/client/src/shell/HubView.ts:99
1169,UI.hub.dom.12,4 FELÜLET,KEZDŐTÉR,-,-,felületi szöveg,mind,VR nem elérhető ezen az eszközön,,,packages/client/src/shell/HubView.ts:100
1170,UI.hub.dom.13,4 FELÜLET,KEZDŐTÉR,-,-,felületi szöveg,mind,Modulok megtekintése,,,packages/client/src/shell/HubView.ts:102
1171,UI.hub.dom.14,4 FELÜLET,KEZDŐTÉR,-,-,felületi szöveg,mind,"A VR belépéshez a böngésző felhasználói gesztust követel — ezért kell ide kattintani. A headsetben ugyanez a központ fogad, onnan minden modul elindítható.",,,packages/client/src/shell/HubView.ts:106
1172,UI.hub.dom.15,4 FELÜLET,KEZDŐTÉR,-,-,felületi szöveg,mind,"Ez az oldal nem HTTPS-en fut, és a böngésző a WebXR-t csak biztonságos kapcsolaton engedi. Az eszközöddel nincs baj — a címsorban http:// helyett https:// kell. A modulok addig is futnak egérrel és érintéssel.",,,packages/client/src/shell/HubView.ts:108
1173,UI.hub.dom.16,4 FELÜLET,KEZDŐTÉR,-,-,felületi szöveg,mind,"Nincs headset? Minden aktív modul fut egérrel és érintéssel is. Az eredményeket a rendszer külön eszközosztályként kezeli, nem keveri a VR mérésekkel.",,,packages/client/src/shell/HubView.ts:112
1174,UI.hub.dom.17,4 FELÜLET,KEZDŐTÉR,-,-,felületi szöveg,mind, és a ,,,packages/client/src/shell/HubView.ts:113
1175,UI.hub.dom.18,4 FELÜLET,KEZDŐTÉR,-,-,felületi szöveg,mind,annál,,,packages/client/src/shell/HubView.ts:113
1176,UI.hub.dom.19,4 FELÜLET,KEZDŐTÉR,-,-,felületi szöveg,mind,azoknál,,,packages/client/src/shell/HubView.ts:113
1177,UI.hub.dom.20,4 FELÜLET,KEZDŐTÉR,-,-,felületi szöveg,mind,"Az eredményeket a rendszer külön eszközosztályként kezeli, nem keveri a VR mérésekkel.",,,packages/client/src/shell/HubView.ts:113
1178,UI.hub.dom.21,4 FELÜLET,KEZDŐTÉR,-,-,felületi szöveg,mind,Most indítható,,,packages/client/src/shell/HubView.ts:133
1179,UI.hub.dom.22,4 FELÜLET,KEZDŐTÉR,-,-,felületi szöveg,mind,Katalógus,,,packages/client/src/shell/HubView.ts:143
1180,UI.hub.dom.23,4 FELÜLET,KEZDŐTÉR,-,-,felületi szöveg,mind,"a relevancia-jelölés mutatja, mennyire kötődik ehhez a területhez",,,packages/client/src/shell/HubView.ts:145
1181,UI.hub.dom.24,4 FELÜLET,KEZDŐTÉR,-,-,felületi szöveg,mind,Eredmények,,,packages/client/src/shell/HubView.ts:158
1182,UI.hub.dom.25,4 FELÜLET,KEZDŐTÉR,-,-,felületi szöveg,mind,Nincs belépve — csak ebben a böngészőben tárolt próbák,,,packages/client/src/shell/HubView.ts:160
1183,UI.hub.dom.26,4 FELÜLET,KEZDŐTÉR,-,-,felületi szöveg,mind,Vizsgálatvezető · Phase 2,,,packages/client/src/shell/HubView.ts:174
1184,UI.hub.dom.27,4 FELÜLET,KEZDŐTÉR,-,-,felületi szöveg,mind,"A tervezett AI vizsgálatvezető a modulok között chatben instruál, ellenőrzi, hogy a résztvevő értette-e a feladatot, javaslatot tesz a következő modulra a profil alapján, és a mérés végén szövegesen összefoglal. A kapcsolódási pont a rendszerben már megvan; a beszélgető réteg a második fázisban készül el.",,,packages/client/src/shell/HubView.ts:176
1185,UI.hub.dom.28,4 FELÜLET,KEZDŐTÉR,-,-,felületi szöveg,mind,Beszélgetés indítása (hamarosan),,,packages/client/src/shell/HubView.ts:181
1186,UI.hub.dom.29,4 FELÜLET,KEZDŐTÉR,-,-,felületi szöveg,mind,"Minden futás rögzíti az eszközt, a böngészőt, a modul verzióját és a konfigurációt. Ranglista és összehasonlítás csak azonos eszközosztályon belül készül — egy Quest 3 ravasz és egy egérkattintás nem ugyanaz a mérés.",,,packages/client/src/shell/HubView.ts:191
1187,UI.hub.dom.30,4 FELÜLET,KEZDŐTÉR,-,-,felületi szöveg,mind,Azonosítva,,,packages/client/src/shell/HubView.ts:215
1188,UI.hub.dom.31,4 FELÜLET,KEZDŐTÉR,-,-,felületi szöveg,mind,modul kipróbálva,,,packages/client/src/shell/HubView.ts:224
1189,UI.hub.dom.32,4 FELÜLET,KEZDŐTÉR,-,-,felületi szöveg,mind,Kijelentkezés,,,packages/client/src/shell/HubView.ts:227
1190,UI.hub.dom.33,4 FELÜLET,KEZDŐTÉR,-,-,felületi szöveg,mind,Az azonosító legalább 3 karakter legyen.,,,packages/client/src/shell/HubView.ts:243
1191,UI.hub.dom.34,4 FELÜLET,KEZDŐTÉR,-,-,felületi szöveg,mind,"Add meg az azonosítót, ha az eredményeidet menteni és időben követni szeretnéd. Belépés nélkül is kipróbálhatsz minden aktív modult — az eredmény ilyenkor nem kerül profilhoz.",,,packages/client/src/shell/HubView.ts:255
1192,UI.hub.dom.35,4 FELÜLET,KEZDŐTÉR,-,-,felületi szöveg,mind,Belépés,,,packages/client/src/shell/HubView.ts:260
1193,UI.hub.dom.36,4 FELÜLET,KEZDŐTÉR,-,-,felületi szöveg,mind,VR kell,,,packages/client/src/shell/HubView.ts:273
1194,UI.hub.dom.37,4 FELÜLET,KEZDŐTÉR,-,-,felületi szöveg,mind,indítható,,,packages/client/src/shell/HubView.ts:275
1195,UI.hub.dom.38,4 FELÜLET,KEZDŐTÉR,-,-,felületi szöveg,mind,külső modul,,,packages/client/src/shell/HubView.ts:277
1196,UI.hub.dom.39,4 FELÜLET,KEZDŐTÉR,-,-,felületi szöveg,mind,fejlesztés alatt,,,packages/client/src/shell/HubView.ts:278
1197,UI.hub.dom.40,4 FELÜLET,KEZDŐTÉR,-,-,felületi szöveg,mind,elsődleges,,,packages/client/src/shell/HubView.ts:282
1198,UI.hub.dom.41,4 FELÜLET,KEZDŐTÉR,-,-,felületi szöveg,mind,másodlagos,,,packages/client/src/shell/HubView.ts:283
1199,UI.hub.dom.42,4 FELÜLET,KEZDŐTÉR,-,-,felületi szöveg,mind,"Még nincs eredmény ebben a területben. Indíts el egy modult — a REACT a leggyorsabb belépő, körülbelül hét perc, és rögtön ad egy pszichomotoros alapvonalat.",,,packages/client/src/shell/HubView.ts:361
1200,UI.hub.dom.43,4 FELÜLET,KEZDŐTÉR,-,-,felületi szöveg,mind,"A profil akkor rajzolódik ki, ha legalább egy modult befejeztél. Több modul → megbízhatóbb kép.",,,packages/client/src/shell/HubView.ts:413
1201,UI.app.-.1,4 FELÜLET,MOBIL APP,-,-,gombfelirat,mind,Tesztek,,,packages/client/src/shell/mobile/MobileApp.ts:54
1202,UI.app.-.2,4 FELÜLET,MOBIL APP,-,-,gombfelirat,mind,Profil,,,packages/client/src/shell/mobile/MobileApp.ts:55
1203,UI.app.-.3,4 FELÜLET,MOBIL APP,-,-,gombfelirat,mind,Előzmény,,,packages/client/src/shell/mobile/MobileApp.ts:56
1204,UI.app.-.4,4 FELÜLET,MOBIL APP,-,-,gombfelirat,mind,Fiók,,,packages/client/src/shell/mobile/MobileApp.ts:57
1205,UI.app.dom.1,4 FELÜLET,MOBIL APP,-,-,felületi szöveg,mind,Előzmény,,,packages/client/src/shell/mobile/MobileApp.ts:56
1206,UI.app.dom.2,4 FELÜLET,MOBIL APP,-,-,felületi szöveg,mind,Fiók,,,packages/client/src/shell/mobile/MobileApp.ts:57
1207,UI.app.dom.3,4 FELÜLET,MOBIL APP,-,-,felületi szöveg,mind,VR CAP,,,packages/client/src/shell/mobile/MobileApp.ts:69
1208,UI.app.dom.4,4 FELÜLET,MOBIL APP,-,-,felületi szöveg,mind,"Kognitív, figyelmi és pszichomotoros mérés. Válaszd ki, melyik területen dolgozol.",,,packages/client/src/shell/mobile/MobileApp.ts:70
1209,UI.app.dom.5,4 FELÜLET,MOBIL APP,-,-,felületi szöveg,mind,"Fejlesztői demonstrátor. Teljesítménymutatót ad, nem validált pszichometriai szakvéleményt.",,,packages/client/src/shell/mobile/MobileApp.ts:100
1210,UI.app.dom.6,4 FELÜLET,MOBIL APP,-,-,felületi szöveg,mind,Belépés,,,packages/client/src/shell/mobile/MobileApp.ts:129
1211,UI.app.dom.7,4 FELÜLET,MOBIL APP,-,-,felületi szöveg,mind,képesség,,,packages/client/src/shell/mobile/MobileApp.ts:265
1212,UI.app.dom.8,4 FELÜLET,MOBIL APP,-,-,felületi szöveg,mind,Elsődleges,,,packages/client/src/shell/mobile/MobileApp.ts:266
1213,UI.app.dom.9,4 FELÜLET,MOBIL APP,-,-,felületi szöveg,mind,Másodlagos,,,packages/client/src/shell/mobile/MobileApp.ts:266
1214,UI.app.dom.10,4 FELÜLET,MOBIL APP,-,-,felületi szöveg,mind,Mit mér,,,packages/client/src/shell/mobile/MobileApp.ts:277
1215,UI.app.dom.11,4 FELÜLET,MOBIL APP,-,-,felületi szöveg,mind,"Ehhez a modulhoz VR headset kell: maga a mérés a fej és a kéz térbeli követéséből származik. Ujjal ugyanez a feladat egy másik képességet mérne, ezért nem kínálunk belőle leromlott változatot.",,,packages/client/src/shell/mobile/MobileApp.ts:283
1216,UI.app.dom.12,4 FELÜLET,MOBIL APP,-,-,felületi szöveg,mind,"Ez a modul specifikálva van, de még fejlesztés alatt áll.",,,packages/client/src/shell/mobile/MobileApp.ts:289
1217,UI.app.dom.13,4 FELÜLET,MOBIL APP,-,-,felületi szöveg,mind,Válassz változatot,,,packages/client/src/shell/mobile/MobileApp.ts:295
1218,UI.app.dom.14,4 FELÜLET,MOBIL APP,-,-,felületi szöveg,mind,Még nincs profilod,,,packages/client/src/shell/mobile/MobileApp.ts:375
1219,UI.app.dom.15,4 FELÜLET,MOBIL APP,-,-,felületi szöveg,mind,"A profil akkor rajzolódik ki, ha legalább egy tesztet befejeztél. Több teszt → megbízhatóbb kép.",,,packages/client/src/shell/mobile/MobileApp.ts:376
1220,UI.app.dom.16,4 FELÜLET,MOBIL APP,-,-,felületi szöveg,mind,Még nincs eredményed,,,packages/client/src/shell/mobile/MobileApp.ts:418
1221,UI.app.dom.17,4 FELÜLET,MOBIL APP,-,-,felületi szöveg,mind,"Indíts el egy tesztet — a REACT a leggyorsabb belépő, körülbelül hét perc.",,,packages/client/src/shell/mobile/MobileApp.ts:419
1222,UI.app.dom.18,4 FELÜLET,MOBIL APP,-,-,felületi szöveg,mind,Tesztek megnyitása,,,packages/client/src/shell/mobile/MobileApp.ts:423
1223,UI.app.dom.19,4 FELÜLET,MOBIL APP,-,-,felületi szöveg,mind,Kijelentkezés,,,packages/client/src/shell/mobile/MobileApp.ts:487
1224,UI.app.dom.20,4 FELÜLET,MOBIL APP,-,-,felületi szöveg,mind,A helyi eredmények megmaradnak ebben a böngészőben,,,packages/client/src/shell/mobile/MobileApp.ts:488
1225,UI.app.dom.21,4 FELÜLET,MOBIL APP,-,-,felületi szöveg,mind,Az azonosító legalább 3 karakter legyen.,,,packages/client/src/shell/mobile/MobileApp.ts:508
1226,UI.app.dom.22,4 FELÜLET,MOBIL APP,-,-,felületi szöveg,mind,Belépés nélkül is kipróbálhatsz minden tesztet — az eredmény ilyenkor csak ebben a böngészőben marad meg.,,,packages/client/src/shell/mobile/MobileApp.ts:518
1227,UI.app.dom.23,4 FELÜLET,MOBIL APP,-,-,felületi szöveg,mind,Beállítások,,,packages/client/src/shell/mobile/MobileApp.ts:530
1228,UI.app.dom.24,4 FELÜLET,MOBIL APP,-,-,felületi szöveg,mind,Terület,,,packages/client/src/shell/mobile/MobileApp.ts:535
1229,UI.app.dom.25,4 FELÜLET,MOBIL APP,-,-,felületi szöveg,mind,VR mód,,,packages/client/src/shell/mobile/MobileApp.ts:548
1230,UI.app.dom.26,4 FELÜLET,MOBIL APP,-,-,felületi szöveg,mind,Belépés headsetbe,,,packages/client/src/shell/mobile/MobileApp.ts:550
1231,UI.app.dom.27,4 FELÜLET,MOBIL APP,-,-,felületi szöveg,mind,HTTPS kell hozzá,,,packages/client/src/shell/mobile/MobileApp.ts:551
1232,UI.app.dom.28,4 FELÜLET,MOBIL APP,-,-,felületi szöveg,mind,Ezen az eszközön nem elérhető,,,packages/client/src/shell/mobile/MobileApp.ts:552
1233,UI.app.dom.29,4 FELÜLET,MOBIL APP,-,-,felületi szöveg,mind,Állapot,,,packages/client/src/shell/mobile/MobileApp.ts:561
1234,UI.app.dom.30,4 FELÜLET,MOBIL APP,-,-,felületi szöveg,mind,Offline — az eredmények helyben várakoznak,,,packages/client/src/shell/mobile/MobileApp.ts:564
1235,UI.app.dom.31,4 FELÜLET,MOBIL APP,-,-,felületi szöveg,mind,Eszköz,,,packages/client/src/shell/mobile/MobileApp.ts:565
1236,UI.app.dom.32,4 FELÜLET,MOBIL APP,-,-,felületi szöveg,mind,Eszközosztály,,,packages/client/src/shell/mobile/MobileApp.ts:566
1237,UI.app.dom.33,4 FELÜLET,MOBIL APP,-,-,felületi szöveg,mind,Az eredmények eszközosztályonként külön kezelendők,,,packages/client/src/shell/mobile/MobileApp.ts:566
1238,UI.app.dom.34,4 FELÜLET,MOBIL APP,-,-,felületi szöveg,mind,M9 6l6 6-6 6,,,packages/client/src/shell/mobile/MobileApp.ts:593
1239,UI.app.dom.35,4 FELÜLET,MOBIL APP,-,-,felületi szöveg,mind,M4 4h7v7H4zM13 4h7v7h-7zM4 13h7v7H4zM13 13h7v7h-7z,,,packages/client/src/shell/mobile/MobileApp.ts:598
1240,UI.app.dom.36,4 FELÜLET,MOBIL APP,-,-,felületi szöveg,mind,M12 3a9 9 0 109 9M12 12l6-6M12 8a4 4 0 104 4,,,packages/client/src/shell/mobile/MobileApp.ts:599
1241,UI.app.dom.37,4 FELÜLET,MOBIL APP,-,-,felületi szöveg,mind,M12 21a9 9 0 100-18 9 9 0 000 18zM12 7v5l3 2,,,packages/client/src/shell/mobile/MobileApp.ts:600
1242,UI.app.dom.38,4 FELÜLET,MOBIL APP,-,-,felületi szöveg,mind,M12 12a4 4 0 100-8 4 4 0 000 8zM4 21a8 8 0 0116 0,,,packages/client/src/shell/mobile/MobileApp.ts:601
1243,UI.app.dom.39,4 FELÜLET,MOBIL APP,-,-,felületi szöveg,mind,M8 5l11 7-11 7z,,,packages/client/src/shell/mobile/MobileApp.ts:602
1244,UI.domain.1,4 FELÜLET,TERÜLETEK,-,-,felületi szöveg,mind,Védelmi szektor,,,packages/shared/src/domains.ts:107
1245,UI.domain.2,4 FELÜLET,TERÜLETEK,-,-,felületi szöveg,mind,VR COGNITIVE ASSESSMENT,,,packages/shared/src/domains.ts:133
1246,UI.domain.3,4 FELÜLET,TERÜLETEK,-,-,felületi szöveg,mind,Védelmi kognitív és pszichomotoros vizsgálati platform,,,packages/shared/src/domains.ts:134
1247,UI.domain.4,4 FELÜLET,TERÜLETEK,-,-,felületi szöveg,mind,"Objektív, ismételhető kognitív, figyelmi, döntési és pszichomotoros mérés absztrakt VR környezetben. Nem kiképzési szimulátor: a cél a vizsgált emberi képesség lehető legtisztább, zajmentes mérése. Minden futás ugyanahhoz az azonosítóhoz kapcsolódik, így a teljesítmény időben követhető.",,,packages/shared/src/domains.ts:136
1248,UI.domain.5,4 FELÜLET,TERÜLETEK,-,-,felületi szöveg,mind,Operator ID,,,packages/shared/src/domains.ts:139
1249,UI.domain.6,4 FELÜLET,TERÜLETEK,-,-,felületi szöveg,mind,Pszeudonim azonosító. Nevet nem tárolunk.,,,packages/shared/src/domains.ts:141
1250,UI.domain.7,4 FELÜLET,TERÜLETEK,-,-,felületi szöveg,mind,OPS SCORE,,,packages/shared/src/domains.ts:142
1251,UI.domain.8,4 FELÜLET,TERÜLETEK,-,-,felületi szöveg,mind,futás,,,packages/shared/src/domains.ts:144
1252,UI.domain.9,4 FELÜLET,TERÜLETEK,-,-,felületi szöveg,mind,futások,,,packages/shared/src/domains.ts:145
1253,UI.domain.10,4 FELÜLET,TERÜLETEK,-,-,felületi szöveg,mind,MISSZIÓ INDÍTÁSA,,,packages/shared/src/domains.ts:148
1254,UI.domain.11,4 FELÜLET,TERÜLETEK,-,-,felületi szöveg,mind,operátor,,,packages/shared/src/domains.ts:149
1255,UI.domain.12,4 FELÜLET,TERÜLETEK,-,-,felületi szöveg,mind,Operational Performance Profile,,,packages/shared/src/domains.ts:150
1256,UI.domain.13,4 FELÜLET,TERÜLETEK,-,-,felületi szöveg,mind,"Teljesítménymutató, nem pszichológiai diagnózis. Kiválasztási döntés önmagában nem alapozható rá.",,,packages/shared/src/domains.ts:152
1257,UI.domain.14,4 FELÜLET,TERÜLETEK,-,-,felületi szöveg,mind,Munkaalkalmasság & pályaválasztás,,,packages/shared/src/domains.ts:159
1258,UI.domain.15,4 FELÜLET,TERÜLETEK,-,-,felületi szöveg,mind,VR ALKALMASSÁG & PÁLYAORIENTÁCIÓ,,,packages/shared/src/domains.ts:185
1259,UI.domain.16,4 FELÜLET,TERÜLETEK,-,-,felületi szöveg,mind,Munkaköri kognitív alkalmasság és pályaválasztási tanácsadás,,,packages/shared/src/domains.ts:186
1260,UI.domain.17,4 FELÜLET,TERÜLETEK,-,-,felületi szöveg,mind,"Objektív képességmérés olyan munkakörökhöz, ahol a figyelem, a reakció, a többfeladatos terhelés és a döntési stabilitás közvetlen biztonsági tényező: gépjárművezető, légiirányító, sebész, műszakos operátor, mentő. Pályaorientációnál a mért profil erősség-térképet ad, nem minősítést.",,,packages/shared/src/domains.ts:188
1261,UI.domain.18,4 FELÜLET,TERÜLETEK,-,-,felületi szöveg,mind,Vizsgálati azonosító,,,packages/shared/src/domains.ts:191
1262,UI.domain.19,4 FELÜLET,TERÜLETEK,-,-,felületi szöveg,mind,Pszeudonim azonosító. A rendszer nevet nem igényel.,,,packages/shared/src/domains.ts:193
1263,UI.domain.20,4 FELÜLET,TERÜLETEK,-,-,felületi szöveg,mind,READINESS SCORE,,,packages/shared/src/domains.ts:194
1264,UI.domain.21,4 FELÜLET,TERÜLETEK,-,-,felületi szöveg,mind,mérés,,,packages/shared/src/domains.ts:196
1265,UI.domain.22,4 FELÜLET,TERÜLETEK,-,-,felületi szöveg,mind,mérések,,,packages/shared/src/domains.ts:197
1266,UI.domain.23,4 FELÜLET,TERÜLETEK,-,-,felületi szöveg,mind,vizsgálat,,,packages/shared/src/domains.ts:198
1267,UI.domain.24,4 FELÜLET,TERÜLETEK,-,-,felületi szöveg,mind,vizsgálatok,,,packages/shared/src/domains.ts:199
1268,UI.domain.25,4 FELÜLET,TERÜLETEK,-,-,felületi szöveg,mind,VIZSGÁLAT INDÍTÁSA,,,packages/shared/src/domains.ts:200
1269,UI.domain.26,4 FELÜLET,TERÜLETEK,-,-,felületi szöveg,mind,vizsgált személy,,,packages/shared/src/domains.ts:201
1270,UI.domain.27,4 FELÜLET,TERÜLETEK,-,-,felületi szöveg,mind,Occupational Capability Profile,,,packages/shared/src/domains.ts:202
1271,UI.domain.28,4 FELÜLET,TERÜLETEK,-,-,felületi szöveg,mind,"Teljesítménymutató, nem munkaköri alkalmassági szakvélemény. Foglalkozás-egészségügyi döntés önmagában nem alapozható rá.",,,packages/shared/src/domains.ts:204
1272,UI.domain.29,4 FELÜLET,TERÜLETEK,-,-,felületi szöveg,mind,Sportági tehetségazonosítás,,,packages/shared/src/domains.ts:211
1273,UI.domain.30,4 FELÜLET,TERÜLETEK,-,-,felületi szöveg,mind,VR SPORT TALENT LAB,,,packages/shared/src/domains.ts:237
1274,UI.domain.31,4 FELÜLET,TERÜLETEK,-,-,felületi szöveg,mind,Sportági tehetségazonosítás és percepciós-kognitív profil,,,packages/shared/src/domains.ts:238
1275,UI.domain.32,4 FELÜLET,TERÜLETEK,-,-,felületi szöveg,mind,"Melyik sportághoz van érzéked? A rendszer nem az izmot méri, hanem azt, amit a pálya szélén nem látni: időzítést, előrejelzést, perifériás látást, döntési sebességet, mozgástanulási rátát. A profilból sportágcsoport-ajánlás készül - irány, nem ítélet.",,,packages/shared/src/domains.ts:240
1276,UI.domain.33,4 FELÜLET,TERÜLETEK,-,-,felületi szöveg,mind,Sportoló ID,,,packages/shared/src/domains.ts:243
1277,UI.domain.34,4 FELÜLET,TERÜLETEK,-,-,felületi szöveg,mind,Pszeudonim azonosító. Fiatalkorúaknál külön adatkezelési szabály él.,,,packages/shared/src/domains.ts:245
1278,UI.domain.35,4 FELÜLET,TERÜLETEK,-,-,felületi szöveg,mind,PERFORMANCE INDEX,,,packages/shared/src/domains.ts:246
1279,UI.domain.36,4 FELÜLET,TERÜLETEK,-,-,felületi szöveg,mind,TESZT INDÍTÁSA,,,packages/shared/src/domains.ts:252
1280,UI.domain.37,4 FELÜLET,TERÜLETEK,-,-,felületi szöveg,mind,sportoló,,,packages/shared/src/domains.ts:253
1281,UI.domain.38,4 FELÜLET,TERÜLETEK,-,-,felületi szöveg,mind,Athlete Perceptual-Cognitive Profile,,,packages/shared/src/domains.ts:254
1282,UI.domain.39,4 FELÜLET,TERÜLETEK,-,-,felületi szöveg,mind,"Teljesítménymutató, nem tehetségdiagnózis. Sportági javaslat tájékoztató, edzői és orvosi véleményt nem helyettesít.",,,packages/shared/src/domains.ts:256
